Emp No.,AC-No.,No.,Name,Auto-Assign,Date,Timetable,On duty,Off duty,Clock In,Clock Out,Normal,Real time,Late,Early,Absent,OT Time,Work Time,Exception,Must C/In,Must C/Out,Department,NDays,WeekEnd,Holiday,ATT_Time,NDays_OT,WeekEnd_OT,Holiday_OT
1,1,,Muhammad Muzammil,,04/01/2016,Satpam Normal,21:00,05:00,,,1,,,,True,,,,True,True,PT. Waru Abadi,,,,,,,
1,1,,Muhammad Muzammil,,04/04/2016,Satpam Normal,21:00,05:00,17:17,05:15,1,1,,,,,08:00,,True,True,PT. Waru Abadi,1,,,11:57,,,
1,1,,Muhammad Muzammil,,04/05/2016,Satpam Normal,21:00,05:00,17:34,05:03,1,1,,,,,08:00,,True,True,PT. Waru Abadi,1,,,11:28,,,
1,1,,Muhammad Muzammil,,04/06/2016,Satpam Normal,21:00,05:00,17:32,05:12,1,1,,,,,08:00,,True,True,PT. Waru Abadi,1,,,11:40,,,
1,1,,Muhammad Muzammil,,04/07/2016,Satpam Normal,21:00,05:00,17:29,05:03,1,1,,,,,08:00,,True,True,PT. Waru Abadi,1,,,11:33,,,
1,1,,Muhammad Muzammil,,04/08/2016,Satpam Normal,21:00,05:00,17:44,05:02,1,1,,,,,08:00,,True,True,PT. Waru Abadi,1,,,11:17,,,
1,1,,Muhammad Muzammil,True,04/09/2016,Satpam Sabtu,09:00,17:00,08:53,17:01,1,1,,,,,08:00,,True,True,PT. Waru Abadi,1,,,08:07,,,
1,1,,Muhammad Muzammil,,04/11/2016,Satpam Normal,21:00,05:00,17:40,05:19,1,1,,,,,08:00,,True,True,PT. Waru Abadi,1,,,11:39,,,
1,1,,Muhammad Muzammil,,04/12/2016,Satpam Normal,21:00,05:00,17:43,05:32,1,1,,,,,08:00,,True,True,PT. Waru Abadi,1,,,11:48,,,
1,1,,Muhammad Muzammil,,04/13/2016,Satpam Normal,21:00,05:00,17:36,05:31,1,1,,,,,08:00,,True,True,PT. Waru Abadi,1,,,11:55,,,
1,1,,Muhammad Muzammil,,04/14/2016,Satpam Normal,21:00,05:00,17:34,05:02,1,1,,,,,08:00,,True,True,PT. Waru Abadi,1,,,11:28,,,
1,1,,Muhammad Muzammil,,04/15/2016,Satpam Normal,21:00,05:00,17:46,05:07,1,1,,,,,08:00,,True,True,PT. Waru Abadi,1,,,11:21,,,
1,1,,Muhammad Muzammil,True,04/16/2016,Satpam Sabtu,09:00,17:00,08:55,17:03,1,1,,,,,08:00,,True,True,PT. Waru Abadi,1,,,08:07,,,
1,1,,Muhammad Muzammil,,04/18/2016,Satpam Normal,21:00,05:00,17:42,05:04,1,1,,,,,08:00,,True,True,PT. Waru Abadi,1,,,11:22,,,
1,1,,Muhammad Muzammil,,04/19/2016,Satpam Normal,21:00,05:00,17:36,05:07,1,1,,,,,08:00,,True,True,PT. Waru Abadi,1,,,11:31,,,
1,1,,Muhammad Muzammil,,04/20/2016,Satpam Normal,21:00,05:00,17:49,05:11,1,1,,,,,08:00,,True,True,PT. Waru Abadi,1,,,11:21,,,
1,1,,Muhammad Muzammil,,04/21/2016,Satpam Normal,21:00,05:00,17:35,05:03,1,1,,,,,08:00,,True,True,PT. Waru Abadi,1,,,11:28,,,
1,1,,Muhammad Muzammil,,04/22/2016,Satpam Normal,21:00,05:00,17:13,05:05,1,1,,,,,08:00,,True,True,PT. Waru Abadi,1,,,11:51,,,
1,1,,Muhammad Muzammil,,04/25/2016,Satpam Normal,21:00,05:00,17:18,05:06,1,1,,,,,08:00,,True,True,PT. Waru Abadi,1,,,11:48,,,
1,1,,Muhammad Muzammil,,04/26/2016,Satpam Normal,21:00,05:00,17:24,05:05,1,1,,,,,08:00,,True,True,PT. Waru Abadi,1,,,11:40,,,
1,1,,Muhammad Muzammil,,04/27/2016,Satpam Normal,21:00,05:00,17:36,05:04,1,1,,,,,08:00,,True,True,PT. Waru Abadi,1,,,11:27,,,
1,1,,Muhammad Muzammil,,04/28/2016,Satpam Normal,21:00,05:00,17:35,05:08,1,1,,,,,08:00,,True,True,PT. Waru Abadi,1,,,11:33,,,
1,1,,Muhammad Muzammil,,04/29/2016,Satpam Normal,21:00,05:00,17:51,05:06,1,1,,,,,08:00,,True,True,PT. Waru Abadi,1,,,11:15,,,
1,1,,Muhammad Muzammil,True,04/30/2016,Satpam Sabtu,09:00,17:00,08:40,17:03,1,1,,,,,08:00,,True,True,PT. Waru Abadi,1,,,08:23,,,
23,303,,Susilo Aditio Rahman,,04/01/2016,Normal Pusat,07:30,16:30,,,1,,,,True,,,,True,True,PT. Waru Abadi,,,,,,,
23,303,,Susilo Aditio Rahman,,04/04/2016,Normal Pusat,07:30,16:30,,16:43,1,1,01:00,,,,08:00,,True,True,PT. Waru Abadi,1,,,09:13,,,
23,303,,Susilo Aditio Rahman,,04/05/2016,Normal Pusat,07:30,16:30,07:17,17:26,1,1,,,,,09:00,,True,True,PT. Waru Abadi,1,,,10:09,,,
23,303,,Susilo Aditio Rahman,,04/06/2016,Normal Pusat,07:30,16:30,07:13,16:58,1,1,,,,,09:00,,True,True,PT. Waru Abadi,1,,,09:45,,,
23,303,,Susilo Aditio Rahman,,04/07/2016,Normal Pusat,07:30,16:30,07:10,18:25,1,1,,,,01:55,09:00,,True,True,PT. Waru Abadi,1,,,11:14,1.92,,
23,303,,Susilo Aditio Rahman,,04/08/2016,Normal Pusat,07:30,16:30,07:14,17:01,1,1,,,,,09:00,,True,True,PT. Waru Abadi,1,,,09:47,,,
23,303,,Susilo Aditio Rahman,,04/11/2016,Normal Pusat,07:30,16:30,07:20,17:07,1,1,,,,,09:00,,True,True,PT. Waru Abadi,1,,,09:47,,,
23,303,,Susilo Aditio Rahman,,04/12/2016,Normal Pusat,07:30,16:30,07:17,17:12,1,1,,,,,09:00,,True,True,PT. Waru Abadi,1,,,09:54,,,
23,303,,Susilo Aditio Rahman,,04/13/2016,Normal Pusat,07:30,16:30,07:20,17:59,1,1,,,,01:29,09:00,,True,True,PT. Waru Abadi,1,,,10:39,1.5,,
23,303,,Susilo Aditio Rahman,,04/14/2016,Normal Pusat,07:30,16:30,07:23,17:04,1,1,,,,,09:00,,True,True,PT. Waru Abadi,1,,,09:41,,,
23,303,,Susilo Aditio Rahman,,04/15/2016,Normal Pusat,07:30,16:30,07:12,17:46,1,1,,,,01:16,09:00,,True,True,PT. Waru Abadi,1,,,10:34,1.28,,
23,303,,Susilo Aditio Rahman,,04/18/2016,Normal Pusat,07:30,16:30,07:24,17:42,1,1,,,,01:12,09:00,,True,True,PT. Waru Abadi,1,,,10:18,1.21,,
23,303,,Susilo Aditio Rahman,,04/19/2016,Normal Pusat,07:30,16:30,07:24,16:40,1,1,,,,,09:00,,True,True,PT. Waru Abadi,1,,,09:16,,,
23,303,,Susilo Aditio Rahman,,04/20/2016,Normal Pusat,07:30,16:30,07:10,16:51,1,1,,,,,09:00,,True,True,PT. Waru Abadi,1,,,09:40,,,
23,303,,Susilo Aditio Rahman,,04/21/2016,Normal Pusat,07:30,16:30,07:26,17:53,1,1,,,,01:23,09:00,,True,True,PT. Waru Abadi,1,,,10:27,1.4,,
23,303,,Susilo Aditio Rahman,,04/22/2016,Normal Pusat,07:30,16:30,,,1,,,,True,,,,True,True,PT. Waru Abadi,,,,,,,
23,303,,Susilo Aditio Rahman,,04/25/2016,Normal Pusat,07:30,16:30,07:22,17:25,1,1,,,,,09:00,,True,True,PT. Waru Abadi,1,,,10:03,,,
23,303,,Susilo Aditio Rahman,,04/26/2016,Normal Pusat,07:30,16:30,07:14,16:43,1,1,,,,,09:00,,True,True,PT. Waru Abadi,1,,,09:29,,,
23,303,,Susilo Aditio Rahman,,04/27/2016,Normal Pusat,07:30,16:30,07:13,18:10,1,1,,,,01:40,09:00,,True,True,PT. Waru Abadi,1,,,10:57,1.68,,
23,303,,Susilo Aditio Rahman,,04/28/2016,Normal Pusat,07:30,16:30,07:27,12:09,1,0.5,,04:21,,,04:39,,True,True,PT. Waru Abadi,0.5,,,04:41,,,
23,303,,Susilo Aditio Rahman,,04/29/2016,Normal Pusat,07:30,16:30,07:20,18:25,1,1,,,,01:55,09:00,,True,True,PT. Waru Abadi,1,,,11:05,1.93,,
10,310,,Ahmad Jalaluddin Basyar,,04/01/2016,Normal Pusat,07:30,16:30,,,1,,,,True,,,,True,True,PT. Waru Abadi,,,,,,,
10,310,,Ahmad Jalaluddin Basyar,,04/04/2016,Normal Pusat,07:30,16:30,10:01,17:00,1,0.5,02:31,,,,06:28,,True,True,PT. Waru Abadi,0.5,,,06:59,,,
10,310,,Ahmad Jalaluddin Basyar,,04/05/2016,Normal Pusat,07:30,16:30,07:28,16:32,1,1,,,,,09:00,,True,True,PT. Waru Abadi,1,,,09:03,,,
10,310,,Ahmad Jalaluddin Basyar,,04/06/2016,Normal Pusat,07:30,16:30,07:22,16:32,1,1,,,,,09:00,,True,True,PT. Waru Abadi,1,,,09:09,,,
10,310,,Ahmad Jalaluddin Basyar,,04/07/2016,Normal Pusat,07:30,16:30,07:25,16:41,1,1,,,,,09:00,,True,True,PT. Waru Abadi,1,,,09:16,,,
10,310,,Ahmad Jalaluddin Basyar,,04/08/2016,Normal Pusat,07:30,16:30,07:22,17:01,1,1,,,,,09:00,,True,True,PT. Waru Abadi,1,,,09:39,,,
10,310,,Ahmad Jalaluddin Basyar,,04/11/2016,Normal Pusat,07:30,16:30,07:25,16:41,1,1,,,,,09:00,,True,True,PT. Waru Abadi,1,,,09:15,,,
10,310,,Ahmad Jalaluddin Basyar,,04/12/2016,Normal Pusat,07:30,16:30,07:30,16:37,1,1,,,,,08:59,,True,True,PT. Waru Abadi,1,,,09:06,,,
10,310,,Ahmad Jalaluddin Basyar,,04/13/2016,Normal Pusat,07:30,16:30,07:22,17:59,1,1,,,,01:29,09:00,,True,True,PT. Waru Abadi,1,,,10:36,1.49,,
10,310,,Ahmad Jalaluddin Basyar,,04/14/2016,Normal Pusat,07:30,16:30,07:25,16:51,1,1,,,,,09:00,,True,True,PT. Waru Abadi,1,,,09:26,,,
10,310,,Ahmad Jalaluddin Basyar,,04/15/2016,Normal Pusat,07:30,16:30,08:27,17:31,1,1,00:57,,,01:01,08:02,,True,True,PT. Waru Abadi,1,,,09:03,1.02,,
10,310,,Ahmad Jalaluddin Basyar,,04/18/2016,Normal Pusat,07:30,16:30,07:31,16:34,1,1,00:01,,,,08:58,,True,True,PT. Waru Abadi,1,,,09:02,,,
10,310,,Ahmad Jalaluddin Basyar,,04/19/2016,Normal Pusat,07:30,16:30,07:21,16:56,1,1,,,,,09:00,,True,True,PT. Waru Abadi,1,,,09:35,,,
10,310,,Ahmad Jalaluddin Basyar,,04/20/2016,Normal Pusat,07:30,16:30,07:25,16:47,1,1,,,,,09:00,,True,True,PT. Waru Abadi,1,,,09:21,,,
10,310,,Ahmad Jalaluddin Basyar,,04/21/2016,Normal Pusat,07:30,16:30,07:26,17:06,1,1,,,,,09:00,,True,True,PT. Waru Abadi,1,,,09:39,,,
10,310,,Ahmad Jalaluddin Basyar,,04/22/2016,Normal Pusat,07:30,16:30,07:25,17:49,1,1,,,,01:19,09:00,,True,True,PT. Waru Abadi,1,,,10:24,1.33,,
10,310,,Ahmad Jalaluddin Basyar,,04/25/2016,Normal Pusat,07:30,16:30,07:29,16:49,1,1,,,,,09:00,,True,True,PT. Waru Abadi,1,,,09:20,,,
10,310,,Ahmad Jalaluddin Basyar,,04/26/2016,Normal Pusat,07:30,16:30,07:30,16:56,1,1,,,,,08:59,,True,True,PT. Waru Abadi,1,,,09:26,,,
10,310,,Ahmad Jalaluddin Basyar,,04/27/2016,Normal Pusat,07:30,16:30,07:28,16:52,1,1,,,,,09:00,,True,True,PT. Waru Abadi,1,,,09:24,,,
10,310,,Ahmad Jalaluddin Basyar,,04/28/2016,Normal Pusat,07:30,16:30,07:22,17:13,1,1,,,,,09:00,,True,True,PT. Waru Abadi,1,,,09:51,,,
10,310,,Ahmad Jalaluddin Basyar,,04/29/2016,Normal Pusat,07:30,16:30,07:25,17:43,1,1,,,,01:13,09:00,,True,True,PT. Waru Abadi,1,,,10:18,1.22,,
32,329,,Achmat Abidin,,04/01/2016,Normal Pusat,07:30,16:30,,,1,,,,True,,,,True,True,PT. Waru Abadi,,,,,,,
32,329,,Achmat Abidin,,04/04/2016,Normal Pusat,07:30,16:30,,,1,,,,True,,,,True,True,PT. Waru Abadi,,,,,,,
32,329,,Achmat Abidin,,04/05/2016,Normal Pusat,07:30,16:30,,,1,,,,True,,,,True,True,PT. Waru Abadi,,,,,,,
32,329,,Achmat Abidin,,04/06/2016,Normal Pusat,07:30,16:30,,,1,,,,True,,,,True,True,PT. Waru Abadi,,,,,,,
32,329,,Achmat Abidin,,04/07/2016,Normal Pusat,07:30,16:30,,,1,,,,True,,,,True,True,PT. Waru Abadi,,,,,,,
32,329,,Achmat Abidin,,04/08/2016,Normal Pusat,07:30,16:30,11:06,17:13,1,0.5,03:36,,,,05:23,,True,True,PT. Waru Abadi,0.5,,,06:07,,,
32,329,,Achmat Abidin,,04/11/2016,Normal Pusat,07:30,16:30,07:21,16:49,1,1,,,,,09:00,,True,True,PT. Waru Abadi,1,,,09:28,,,
32,329,,Achmat Abidin,,04/12/2016,Normal Pusat,07:30,16:30,07:25,17:00,1,1,,,,,09:00,,True,True,PT. Waru Abadi,1,,,09:35,,,
32,329,,Achmat Abidin,,04/13/2016,Normal Pusat,07:30,16:30,07:25,16:57,1,1,,,,,09:00,,True,True,PT. Waru Abadi,1,,,09:31,,,
32,329,,Achmat Abidin,,04/14/2016,Normal Pusat,07:30,16:30,07:25,17:12,1,1,,,,,09:00,,True,True,PT. Waru Abadi,1,,,09:47,,,
32,329,,Achmat Abidin,,04/15/2016,Normal Pusat,07:30,16:30,07:24,17:31,1,1,,,,01:01,09:00,,True,True,PT. Waru Abadi,1,,,10:07,1.02,,
32,329,,Achmat Abidin,,04/18/2016,Normal Pusat,07:30,16:30,07:12,19:13,1,1,,,,02:43,09:00,,True,True,PT. Waru Abadi,1,,,12:01,2.73,,
32,329,,Achmat Abidin,,04/19/2016,Normal Pusat,07:30,16:30,07:03,19:36,1,1,,,,03:06,09:00,,True,True,PT. Waru Abadi,1,,,12:32,3.11,,
32,329,,Achmat Abidin,,04/20/2016,Normal Pusat,07:30,16:30,07:12,19:42,1,1,,,,03:12,09:00,,True,True,PT. Waru Abadi,1,,,12:30,3.21,,
32,329,,Achmat Abidin,,04/21/2016,Normal Pusat,07:30,16:30,07:24,16:42,1,1,,,,,09:00,,True,True,PT. Waru Abadi,1,,,09:17,,,
32,329,,Achmat Abidin,,04/22/2016,Normal Pusat,07:30,16:30,07:26,17:57,1,1,,,,01:27,09:00,,True,True,PT. Waru Abadi,1,,,10:30,1.45,,
32,329,,Achmat Abidin,,04/25/2016,Normal Pusat,07:30,16:30,07:26,21:24,1,1,,,,04:54,09:00,,True,True,PT. Waru Abadi,1,,,13:58,4.91,,
32,329,,Achmat Abidin,,04/26/2016,Normal Pusat,07:30,16:30,07:23,16:47,1,1,,,,,09:00,,True,True,PT. Waru Abadi,1,,,09:23,,,
32,329,,Achmat Abidin,,04/27/2016,Normal Pusat,07:30,16:30,07:26,17:03,1,1,,,,,09:00,,True,True,PT. Waru Abadi,1,,,09:36,,,
32,329,,Achmat Abidin,,04/28/2016,Normal Pusat,07:30,16:30,07:25,16:51,1,1,,,,,09:00,,True,True,PT. Waru Abadi,1,,,09:26,,,
32,329,,Achmat Abidin,,04/29/2016,Normal Pusat,07:30,16:30,07:26,16:47,1,1,,,,,09:00,,True,True,PT. Waru Abadi,1,,,09:20,,,
9,331,,Wahyu Ismoyo,,04/01/2016,Normal Pusat,07:30,16:30,,,1,,,,True,,,,True,True,PT. Waru Abadi,,,,,,,
9,331,,Wahyu Ismoyo,,04/04/2016,Normal Pusat,07:30,16:30,,17:30,1,1,01:00,,,01:00,08:00,,True,True,PT. Waru Abadi,1,,,10:00,1.01,,
9,331,,Wahyu Ismoyo,,04/05/2016,Normal Pusat,07:30,16:30,07:04,18:48,1,1,,,,02:18,09:00,,True,True,PT. Waru Abadi,1,,,11:43,2.3,,
9,331,,Wahyu Ismoyo,,04/06/2016,Normal Pusat,07:30,16:30,07:10,17:36,1,1,,,,01:06,09:00,,True,True,PT. Waru Abadi,1,,,10:25,1.1,,
9,331,,Wahyu Ismoyo,,04/07/2016,Normal Pusat,07:30,16:30,07:07,19:39,1,1,,,,03:09,09:00,,True,True,PT. Waru Abadi,1,,,12:31,3.15,,
9,331,,Wahyu Ismoyo,,04/08/2016,Normal Pusat,07:30,16:30,07:17,17:46,1,1,,,,01:16,09:00,,True,True,PT. Waru Abadi,1,,,10:28,1.28,,
9,331,,Wahyu Ismoyo,,04/11/2016,Normal Pusat,07:30,16:30,,,1,,,,True,,,,True,True,PT. Waru Abadi,,,,,,,
9,331,,Wahyu Ismoyo,,04/12/2016,Normal Pusat,07:30,16:30,07:12,16:57,1,1,,,,,09:00,,True,True,PT. Waru Abadi,1,,,09:45,,,
9,331,,Wahyu Ismoyo,,04/13/2016,Normal Pusat,07:30,16:30,07:08,17:43,1,1,,,,01:13,09:00,,True,True,PT. Waru Abadi,1,,,10:34,1.22,,
9,331,,Wahyu Ismoyo,,04/14/2016,Normal Pusat,07:30,16:30,06:56,21:09,1,1,,,,04:39,09:00,,True,True,PT. Waru Abadi,1,,,14:13,4.65,,
9,331,,Wahyu Ismoyo,,04/15/2016,Normal Pusat,07:30,16:30,07:15,16:34,1,1,,,,,09:00,,True,True,PT. Waru Abadi,1,,,09:18,,,
9,331,,Wahyu Ismoyo,,04/18/2016,Normal Pusat,07:30,16:30,07:13,17:16,1,1,,,,,09:00,,True,True,PT. Waru Abadi,1,,,10:02,,,
9,331,,Wahyu Ismoyo,,04/19/2016,Normal Pusat,07:30,16:30,07:04,16:41,1,1,,,,,09:00,,True,True,PT. Waru Abadi,1,,,09:36,,,
9,331,,Wahyu Ismoyo,,04/20/2016,Normal Pusat,07:30,16:30,07:13,,1,1,,01:00,,,08:00,,True,True,PT. Waru Abadi,1,,,09:16,,,
9,331,,Wahyu Ismoyo,,04/21/2016,Normal Pusat,07:30,16:30,07:11,17:58,1,1,,,,01:28,09:00,,True,True,PT. Waru Abadi,1,,,10:47,1.48,,
9,331,,Wahyu Ismoyo,,04/22/2016,Normal Pusat,07:30,16:30,07:14,16:39,1,1,,,,,09:00,,True,True,PT. Waru Abadi,1,,,09:24,,,
9,331,,Wahyu Ismoyo,,04/25/2016,Normal Pusat,07:30,16:30,,,1,,,,True,,,,True,True,PT. Waru Abadi,,,,,,,
9,331,,Wahyu Ismoyo,,04/26/2016,Normal Pusat,07:30,16:30,,,1,,,,True,,,,True,True,PT. Waru Abadi,,,,,,,
9,331,,Wahyu Ismoyo,,04/27/2016,Normal Pusat,07:30,16:30,07:20,17:23,1,1,,,,,09:00,,True,True,PT. Waru Abadi,1,,,10:02,,,
9,331,,Wahyu Ismoyo,,04/28/2016,Normal Pusat,07:30,16:30,07:27,17:06,1,1,,,,,09:00,,True,True,PT. Waru Abadi,1,,,09:38,,,
9,331,,Wahyu Ismoyo,,04/29/2016,Normal Pusat,07:30,16:30,07:10,16:38,1,1,,,,,09:00,,True,True,PT. Waru Abadi,1,,,09:28,,,
3,361,,Fakhrur Rozi,,04/01/2016,Normal Pusat,07:30,16:30,,,1,,,,True,,,,True,True,PT. Waru Abadi,,,,,,,
3,361,,Fakhrur Rozi,,04/04/2016,Normal Pusat,07:30,16:30,,17:32,1,1,01:00,,,01:02,08:00,,True,True,PT. Waru Abadi,1,,,10:02,1.04,,
3,361,,Fakhrur Rozi,,04/05/2016,Normal Pusat,07:30,16:30,07:26,18:21,1,1,,,,01:51,09:00,,True,True,PT. Waru Abadi,1,,,10:54,1.86,,
3,361,,Fakhrur Rozi,,04/06/2016,Normal Pusat,07:30,16:30,07:15,17:30,1,1,,,,01:00,09:00,,True,True,PT. Waru Abadi,1,,,10:14,1,,
3,361,,Fakhrur Rozi,,04/07/2016,Normal Pusat,07:30,16:30,07:13,16:50,1,1,,,,,09:00,,True,True,PT. Waru Abadi,1,,,09:36,,,
3,361,,Fakhrur Rozi,,04/08/2016,Normal Pusat,07:30,16:30,07:22,17:04,1,1,,,,,09:00,,True,True,PT. Waru Abadi,1,,,09:42,,,
3,361,,Fakhrur Rozi,,04/11/2016,Normal Pusat,07:30,16:30,06:16,,1,1,,01:00,,,08:00,,True,True,PT. Waru Abadi,1,,,10:13,,,
3,361,,Fakhrur Rozi,,04/12/2016,Normal Pusat,07:30,16:30,,,1,,,,True,,,,True,True,PT. Waru Abadi,,,,,,,
3,361,,Fakhrur Rozi,,04/13/2016,Normal Pusat,07:30,16:30,,,1,,,,True,,,,True,True,PT. Waru Abadi,,,,,,,
3,361,,Fakhrur Rozi,,04/14/2016,Normal Pusat,07:30,16:30,,,1,,,,True,,,,True,True,PT. Waru Abadi,,,,,,,
3,361,,Fakhrur Rozi,,04/15/2016,Normal Pusat,07:30,16:30,06:18,16:52,1,1,,,,,09:00,,True,True,PT. Waru Abadi,1,,,10:33,,,
3,361,,Fakhrur Rozi,,04/18/2016,Normal Pusat,07:30,16:30,07:15,17:16,1,1,,,,,09:00,,True,True,PT. Waru Abadi,1,,,10:00,,,
3,361,,Fakhrur Rozi,,04/19/2016,Normal Pusat,07:30,16:30,07:11,17:15,1,1,,,,,09:00,,True,True,PT. Waru Abadi,1,,,10:03,,,
3,361,,Fakhrur Rozi,,04/20/2016,Normal Pusat,07:30,16:30,07:13,17:17,1,1,,,,,09:00,,True,True,PT. Waru Abadi,1,,,10:04,,,
3,361,,Fakhrur Rozi,,04/21/2016,Normal Pusat,07:30,16:30,07:26,17:17,1,1,,,,,09:00,,True,True,PT. Waru Abadi,1,,,09:50,,,
3,361,,Fakhrur Rozi,,04/22/2016,Normal Pusat,07:30,16:30,07:16,16:59,1,1,,,,,09:00,,True,True,PT. Waru Abadi,1,,,09:42,,,
3,361,,Fakhrur Rozi,,04/25/2016,Normal Pusat,07:30,16:30,07:02,,1,1,,01:00,,,08:00,,True,True,PT. Waru Abadi,1,,,09:27,,,
3,361,,Fakhrur Rozi,,04/26/2016,Normal Pusat,07:30,16:30,07:14,17:03,1,1,,,,,09:00,,True,True,PT. Waru Abadi,1,,,09:49,,,
3,361,,Fakhrur Rozi,,04/27/2016,Normal Pusat,07:30,16:30,07:27,17:00,1,1,,,,,09:00,,True,True,PT. Waru Abadi,1,,,09:33,,,
3,361,,Fakhrur Rozi,,04/28/2016,Normal Pusat,07:30,16:30,07:20,17:20,1,1,,,,,09:00,,True,True,PT. Waru Abadi,1,,,10:00,,,
3,361,,Fakhrur Rozi,,04/29/2016,Normal Pusat,07:30,16:30,07:22,17:17,1,1,,,,,09:00,,True,True,PT. Waru Abadi,1,,,09:55,,,
2,1234,,Andrataris Prihatomo,,04/01/2016,Normal Pusat,07:30,16:30,,,1,,,,True,,,,True,True,PT. Waru Abadi,,,,,,,
2,1234,,Andrataris Prihatomo,,04/04/2016,Normal Pusat,07:30,16:30,,21:11,1,1,01:00,,,04:41,08:00,,True,True,PT. Waru Abadi,1,,,13:41,4.7,,
2,1234,,Andrataris Prihatomo,,04/05/2016,Normal Pusat,07:30,16:30,07:02,,1,1,,01:00,,,08:00,,True,True,PT. Waru Abadi,1,,,09:27,,,
2,1234,,Andrataris Prihatomo,,04/06/2016,Normal Pusat,07:30,16:30,07:10,16:34,1,1,,,,,09:00,,True,True,PT. Waru Abadi,1,,,09:23,,,
2,1234,,Andrataris Prihatomo,,04/07/2016,Normal Pusat,07:30,16:30,,,1,,,,True,,,,True,True,PT. Waru Abadi,,,,,,,
2,1234,,Andrataris Prihatomo,,04/08/2016,Normal Pusat,07:30,16:30,,,1,,,,True,,,,True,True,PT. Waru Abadi,,,,,,,
2,1234,,Andrataris Prihatomo,,04/11/2016,Normal Pusat,07:30,16:30,07:13,17:27,1,1,,,,,09:00,,True,True,PT. Waru Abadi,1,,,10:13,,,
2,1234,,Andrataris Prihatomo,,04/12/2016,Normal Pusat,07:30,16:30,07:11,,1,1,,01:00,,,08:00,,True,True,PT. Waru Abadi,1,,,09:18,,,
2,1234,,Andrataris Prihatomo,,04/13/2016,Normal Pusat,07:30,16:30,07:12,,1,1,,01:00,,,08:00,,True,True,PT. Waru Abadi,1,,,09:17,,,
2,1234,,Andrataris Prihatomo,,04/14/2016,Normal Pusat,07:30,16:30,07:03,17:37,1,1,,,,01:07,09:00,,True,True,PT. Waru Abadi,1,,,10:34,1.12,,
2,1234,,Andrataris Prihatomo,,04/15/2016,Normal Pusat,07:30,16:30,07:12,16:40,1,1,,,,,09:00,,True,True,PT. Waru Abadi,1,,,09:27,,,
2,1234,,Andrataris Prihatomo,,04/18/2016,Normal Pusat,07:30,16:30,06:46,17:22,1,1,,,,,09:00,,True,True,PT. Waru Abadi,1,,,10:36,,,
2,1234,,Andrataris Prihatomo,,04/19/2016,Normal Pusat,07:30,16:30,07:01,,1,1,,01:00,,,08:00,,True,True,PT. Waru Abadi,1,,,09:28,,,
2,1234,,Andrataris Prihatomo,,04/20/2016,Normal Pusat,07:30,16:30,07:12,17:18,1,1,,,,,09:00,,True,True,PT. Waru Abadi,1,,,10:05,,,
2,1234,,Andrataris Prihatomo,,04/21/2016,Normal Pusat,07:30,16:30,07:06,19:17,1,1,,,,02:47,09:00,,True,True,PT. Waru Abadi,1,,,12:11,2.8,,
2,1234,,Andrataris Prihatomo,,04/22/2016,Normal Pusat,07:30,16:30,07:11,,1,1,,01:00,,,08:00,,True,True,PT. Waru Abadi,1,,,09:18,,,
2,1234,,Andrataris Prihatomo,,04/25/2016,Normal Pusat,07:30,16:30,06:43,,1,1,,01:00,,,08:00,,True,True,PT. Waru Abadi,1,,,09:46,,,
2,1234,,Andrataris Prihatomo,,04/26/2016,Normal Pusat,07:30,16:30,06:59,17:02,1,1,,,,,09:00,,True,True,PT. Waru Abadi,1,,,10:02,,,
2,1234,,Andrataris Prihatomo,,04/27/2016,Normal Pusat,07:30,16:30,07:03,17:35,1,1,,,,01:05,09:00,,True,True,PT. Waru Abadi,1,,,10:32,1.1,,
2,1234,,Andrataris Prihatomo,,04/28/2016,Normal Pusat,07:30,16:30,06:42,17:27,1,1,,,,,09:00,,True,True,PT. Waru Abadi,1,,,10:44,,,
2,1234,,Andrataris Prihatomo,,04/29/2016,Normal Pusat,07:30,16:30,07:10,18:23,1,1,,,,01:53,09:00,,True,True,PT. Waru Abadi,1,,,11:13,1.89,,
34,840741,,Dedhyn Sandiary Anwar,,04/01/2016,Normal Pusat,07:30,16:30,,,1,,,,True,,,,True,True,PT. Waru Abadi,,,,,,,
34,840741,,Dedhyn Sandiary Anwar,,04/04/2016,Normal Pusat,07:30,16:30,,,1,,,,True,,,,True,True,PT. Waru Abadi,,,,,,,
34,840741,,Dedhyn Sandiary Anwar,,04/05/2016,Normal Pusat,07:30,16:30,,,1,,,,True,,,,True,True,PT. Waru Abadi,,,,,,,
34,840741,,Dedhyn Sandiary Anwar,,04/06/2016,Normal Pusat,07:30,16:30,,,1,,,,True,,,,True,True,PT. Waru Abadi,,,,,,,
34,840741,,Dedhyn Sandiary Anwar,,04/07/2016,Normal Pusat,07:30,16:30,,,1,,,,True,,,,True,True,PT. Waru Abadi,,,,,,,
34,840741,,Dedhyn Sandiary Anwar,,04/08/2016,Normal Pusat,07:30,16:30,,,1,,,,True,,,,True,True,PT. Waru Abadi,,,,,,,
34,840741,,Dedhyn Sandiary Anwar,,04/11/2016,Normal Pusat,07:30,16:30,,,1,,,,True,,,,True,True,PT. Waru Abadi,,,,,,,
34,840741,,Dedhyn Sandiary Anwar,,04/12/2016,Normal Pusat,07:30,16:30,,,1,,,,True,,,,True,True,PT. Waru Abadi,,,,,,,
34,840741,,Dedhyn Sandiary Anwar,,04/13/2016,Normal Pusat,07:30,16:30,,,1,,,,True,,,,True,True,PT. Waru Abadi,,,,,,,
34,840741,,Dedhyn Sandiary Anwar,,04/14/2016,Normal Pusat,07:30,16:30,,,1,,,,True,,,,True,True,PT. Waru Abadi,,,,,,,
34,840741,,Dedhyn Sandiary Anwar,,04/15/2016,Normal Pusat,07:30,16:30,,,1,,,,True,,,,True,True,PT. Waru Abadi,,,,,,,
34,840741,,Dedhyn Sandiary Anwar,,04/18/2016,Normal Pusat,07:30,16:30,,,1,,,,True,,,,True,True,PT. Waru Abadi,,,,,,,
34,840741,,Dedhyn Sandiary Anwar,,04/19/2016,Normal Pusat,07:30,16:30,,,1,,,,True,,,,True,True,PT. Waru Abadi,,,,,,,
34,840741,,Dedhyn Sandiary Anwar,,04/20/2016,Normal Pusat,07:30,16:30,,,1,,,,True,,,,True,True,PT. Waru Abadi,,,,,,,
34,840741,,Dedhyn Sandiary Anwar,,04/21/2016,Normal Pusat,07:30,16:30,,17:06,1,1,01:00,,,,08:00,,True,True,PT. Waru Abadi,1,,,09:36,,,
34,840741,,Dedhyn Sandiary Anwar,,04/22/2016,Normal Pusat,07:30,16:30,06:53,,1,1,,01:00,,,08:00,,True,True,PT. Waru Abadi,1,,,09:36,,,
34,840741,,Dedhyn Sandiary Anwar,,04/25/2016,Normal Pusat,07:30,16:30,06:58,17:23,1,1,,,,,09:00,,True,True,PT. Waru Abadi,1,,,10:24,,,
34,840741,,Dedhyn Sandiary Anwar,,04/26/2016,Normal Pusat,07:30,16:30,07:00,17:05,1,1,,,,,09:00,,True,True,PT. Waru Abadi,1,,,10:04,,,
34,840741,,Dedhyn Sandiary Anwar,,04/27/2016,Normal Pusat,07:30,16:30,07:09,16:58,1,1,,,,,09:00,,True,True,PT. Waru Abadi,1,,,09:49,,,
34,840741,,Dedhyn Sandiary Anwar,,04/28/2016,Normal Pusat,07:30,16:30,07:06,17:23,1,1,,,,,09:00,,True,True,PT. Waru Abadi,1,,,10:16,,,
34,840741,,Dedhyn Sandiary Anwar,,04/29/2016,Normal Pusat,07:30,16:30,07:15,18:16,1,1,,,,01:46,09:00,,True,True,PT. Waru Abadi,1,,,11:00,1.77,,
16,6600030,,Kukuh Permono,,04/01/2016,Normal Pusat,07:30,16:30,,,1,,,,True,,,,True,True,PT. Waru Abadi,,,,,,,
16,6600030,,Kukuh Permono,,04/04/2016,Normal Pusat,07:30,16:30,,,1,,,,True,,,,True,True,PT. Waru Abadi,,,,,,,
16,6600030,,Kukuh Permono,,04/05/2016,Normal Pusat,07:30,16:30,07:24,16:33,1,1,,,,,09:00,,True,True,PT. Waru Abadi,1,,,09:08,,,
16,6600030,,Kukuh Permono,,04/06/2016,Normal Pusat,07:30,16:30,07:27,16:33,1,1,,,,,09:00,,True,True,PT. Waru Abadi,1,,,09:05,,,
16,6600030,,Kukuh Permono,,04/07/2016,Normal Pusat,07:30,16:30,07:29,16:32,1,1,,,,,09:00,,True,True,PT. Waru Abadi,1,,,09:02,,,
16,6600030,,Kukuh Permono,,04/08/2016,Normal Pusat,07:30,16:30,07:28,16:32,1,1,,,,,09:00,,True,True,PT. Waru Abadi,1,,,09:03,,,
16,6600030,,Kukuh Permono,,04/11/2016,Normal Pusat,07:30,16:30,07:15,16:33,1,1,,,,,09:00,,True,True,PT. Waru Abadi,1,,,09:17,,,
16,6600030,,Kukuh Permono,,04/12/2016,Normal Pusat,07:30,16:30,07:28,16:37,1,1,,,,,09:00,,True,True,PT. Waru Abadi,1,,,09:09,,,
16,6600030,,Kukuh Permono,,04/13/2016,Normal Pusat,07:30,16:30,07:31,16:34,1,1,00:01,,,,08:58,,True,True,PT. Waru Abadi,1,,,09:03,,,
16,6600030,,Kukuh Permono,,04/14/2016,Normal Pusat,07:30,16:30,07:27,16:34,1,1,,,,,09:00,,True,True,PT. Waru Abadi,1,,,09:06,,,
16,6600030,,Kukuh Permono,,04/15/2016,Normal Pusat,07:30,16:30,07:29,16:34,1,1,,,,,09:00,,True,True,PT. Waru Abadi,1,,,09:04,,,
16,6600030,,Kukuh Permono,,04/18/2016,Normal Pusat,07:30,16:30,07:28,16:35,1,1,,,,,09:00,,True,True,PT. Waru Abadi,1,,,09:07,,,
16,6600030,,Kukuh Permono,,04/19/2016,Normal Pusat,07:30,16:30,07:26,16:34,1,1,,,,,09:00,,True,True,PT. Waru Abadi,1,,,09:07,,,
16,6600030,,Kukuh Permono,,04/20/2016,Normal Pusat,07:30,16:30,07:29,16:31,1,1,,,,,09:00,,True,True,PT. Waru Abadi,1,,,09:02,,,
16,6600030,,Kukuh Permono,,04/21/2016,Normal Pusat,07:30,16:30,07:28,16:37,1,1,,,,,09:00,,True,True,PT. Waru Abadi,1,,,09:09,,,
16,6600030,,Kukuh Permono,,04/22/2016,Normal Pusat,07:30,16:30,07:26,16:31,1,1,,,,,09:00,,True,True,PT. Waru Abadi,1,,,09:04,,,
16,6600030,,Kukuh Permono,,04/25/2016,Normal Pusat,07:30,16:30,07:25,16:30,1,1,,,,,09:00,,True,True,PT. Waru Abadi,1,,,09:05,,,
16,6600030,,Kukuh Permono,,04/26/2016,Normal Pusat,07:30,16:30,07:27,16:32,1,1,,,,,09:00,,True,True,PT. Waru Abadi,1,,,09:04,,,
16,6600030,,Kukuh Permono,,04/27/2016,Normal Pusat,07:30,16:30,07:26,16:37,1,1,9:11:00 AM,,,,09:00,,True,True,PT. Waru Abadi,1,,,09:11,,,
16,6600030,,Kukuh Permono,,04/28/2016,Normal Pusat,07:30,16:30,07:29,16:33,1,1,,,,,09:00,,True,True,PT. Waru Abadi,1,,,09:03,,,
16,6600030,,Kukuh Permono,,04/29/2016,Normal Pusat,07:30,16:30,07:29,16:34,1,1,,,,,09:00,,True,True,PT. Waru Abadi,1,,,09:04,,,
30,7000038,,Hary Indratno,,04/01/2016,Normal Pusat,07:30,16:30,,,1,,,,True,,,,True,True,PT. Waru Abadi,,,,,,,
30,7000038,,Hary Indratno,,04/04/2016,Normal Pusat,07:30,16:30,,17:14,1,1,01:00,,,,08:00,,True,True,PT. Waru Abadi,1,,,09:44,,,
30,7000038,,Hary Indratno,,04/05/2016,Normal Pusat,07:30,16:30,08:57,,1,0.5,01:27,01:00,,,06:32,,True,True,PT. Waru Abadi,0.5,,,06:05,,,
30,7000038,,Hary Indratno,,04/06/2016,Normal Pusat,07:30,16:30,,,1,,,,True,,,,True,True,PT. Waru Abadi,,,,,,,
30,7000038,,Hary Indratno,,04/07/2016,Normal Pusat,07:30,16:30,,,1,,,,True,,,,True,True,PT. Waru Abadi,,,,,,,
30,7000038,,Hary Indratno,,04/08/2016,Normal Pusat,07:30,16:30,,,1,,,,True,,,,True,True,PT. Waru Abadi,,,,,,,
30,7000038,,Hary Indratno,,04/11/2016,Normal Pusat,07:30,16:30,,,1,,,,True,,,,True,True,PT. Waru Abadi,,,,,,,
30,7000038,,Hary Indratno,,04/12/2016,Normal Pusat,07:30,16:30,,,1,,,,True,,,,True,True,PT. Waru Abadi,,,,,,,
30,7000038,,Hary Indratno,,04/13/2016,Normal Pusat,07:30,16:30,,,1,,,,True,,,,True,True,PT. Waru Abadi,,,,,,,
30,7000038,,Hary Indratno,,04/14/2016,Normal Pusat,07:30,16:30,,,1,,,,True,,,,True,True,PT. Waru Abadi,,,,,,,
30,7000038,,Hary Indratno,,04/15/2016,Normal Pusat,07:30,16:30,,,1,,,,True,,,,True,True,PT. Waru Abadi,,,,,,,
30,7000038,,Hary Indratno,,04/18/2016,Normal Pusat,07:30,16:30,,,1,,,,True,,,,True,True,PT. Waru Abadi,,,,,,,
30,7000038,,Hary Indratno,,04/19/2016,Normal Pusat,07:30,16:30,,,1,,,,True,,,,True,True,PT. Waru Abadi,,,,,,,
30,7000038,,Hary Indratno,,04/20/2016,Normal Pusat,07:30,16:30,,,1,,,,True,,,,True,True,PT. Waru Abadi,,,,,,,
30,7000038,,Hary Indratno,,04/21/2016,Normal Pusat,07:30,16:30,,,1,,,,True,,,,True,True,PT. Waru Abadi,,,,,,,
30,7000038,,Hary Indratno,,04/22/2016,Normal Pusat,07:30,16:30,,,1,,,,True,,,,True,True,PT. Waru Abadi,,,,,,,
30,7000038,,Hary Indratno,,04/25/2016,Normal Pusat,07:30,16:30,,,1,,,,True,,,,True,True,PT. Waru Abadi,,,,,,,
30,7000038,,Hary Indratno,,04/26/2016,Normal Pusat,07:30,16:30,,,1,,,,True,,,,True,True,PT. Waru Abadi,,,,,,,
30,7000038,,Hary Indratno,,04/27/2016,Normal Pusat,07:30,16:30,,,1,,,,True,,,,True,True,PT. Waru Abadi,,,,,,,
30,7000038,,Hary Indratno,,04/28/2016,Normal Pusat,07:30,16:30,,,1,,,,True,,,,True,True,PT. Waru Abadi,,,,,,,
30,7000038,,Hary Indratno,,04/29/2016,Normal Pusat,07:30,16:30,,,1,,,,True,,,,True,True,PT. Waru Abadi,,,,,,,
29,7200032,,Isnandar,,04/01/2016,Normal Pusat,07:30,16:30,,,1,,,,True,,,,True,True,PT. Waru Abadi,,,,,,,
29,7200032,,Isnandar,,04/04/2016,Normal Pusat,07:30,16:30,,16:42,1,1,01:00,,,,08:00,,True,True,PT. Waru Abadi,1,,,09:12,,,
29,7200032,,Isnandar,,04/05/2016,Normal Pusat,07:30,16:30,,18:07,1,1,01:00,,,01:37,08:00,,True,True,PT. Waru Abadi,1,,,10:37,1.62,,
29,7200032,,Isnandar,,04/06/2016,Normal Pusat,07:30,16:30,07:24,17:33,1,1,,,,01:03,09:00,,True,True,PT. Waru Abadi,1,,,10:09,1.06,,
29,7200032,,Isnandar,,04/07/2016,Normal Pusat,07:30,16:30,07:27,19:45,1,1,,,,03:15,09:00,,True,True,PT. Waru Abadi,1,,,12:17,3.26,,
29,7200032,,Isnandar,,04/08/2016,Normal Pusat,07:30,16:30,07:22,17:46,1,1,,,,01:16,09:00,,True,True,PT. Waru Abadi,1,,,10:24,1.28,,
29,7200032,,Isnandar,,04/11/2016,Normal Pusat,07:30,16:30,07:24,16:50,1,1,,,,,09:00,,True,True,PT. Waru Abadi,1,,,09:25,,,
29,7200032,,Isnandar,,04/12/2016,Normal Pusat,07:30,16:30,07:28,16:37,1,1,,,,,09:00,,True,True,PT. Waru Abadi,1,,,09:09,,,
29,7200032,,Isnandar,,04/13/2016,Normal Pusat,07:30,16:30,,16:45,1,1,01:00,,,,08:00,,True,True,PT. Waru Abadi,1,,,09:15,,,
29,7200032,,Isnandar,,04/14/2016,Normal Pusat,07:30,16:30,06:52,,1,1,,01:00,,,08:00,,True,True,PT. Waru Abadi,1,,,09:37,,,
29,7200032,,Isnandar,,04/15/2016,Normal Pusat,07:30,16:30,06:57,21:04,1,1,,,,04:34,09:00,,True,True,PT. Waru Abadi,1,,,14:06,4.57,,
29,7200032,,Isnandar,,04/18/2016,Normal Pusat,07:30,16:30,06:56,17:20,1,1,,,,,09:00,,True,True,PT. Waru Abadi,1,,,10:24,,,
29,7200032,,Isnandar,,04/19/2016,Normal Pusat,07:30,16:30,07:20,16:48,1,1,,,,,09:00,,True,True,PT. Waru Abadi,1,,,09:27,,,
29,7200032,,Isnandar,,04/20/2016,Normal Pusat,07:30,16:30,07:11,17:04,1,1,,,,,09:00,,True,True,PT. Waru Abadi,1,,,09:52,,,
29,7200032,,Isnandar,,04/21/2016,Normal Pusat,07:30,16:30,10:20,16:38,1,0.5,02:50,,,,06:09,,True,True,PT. Waru Abadi,0.5,,,06:18,,,
29,7200032,,Isnandar,,04/22/2016,Normal Pusat,07:30,16:30,07:28,17:48,1,1,,,,01:18,09:00,,True,True,PT. Waru Abadi,1,,,10:19,1.3,,
29,7200032,,Isnandar,,04/25/2016,Normal Pusat,07:30,16:30,06:50,16:35,1,1,,,,,09:00,,True,True,PT. Waru Abadi,1,,,09:45,,,
29,7200032,,Isnandar,,04/26/2016,Normal Pusat,07:30,16:30,07:01,,1,1,,01:00,,,08:00,,True,True,PT. Waru Abadi,1,,,09:28,,,
29,7200032,,Isnandar,,04/27/2016,Normal Pusat,07:30,16:30,06:54,,1,1,,01:00,,,08:00,,True,True,PT. Waru Abadi,1,,,09:35,,,
29,7200032,,Isnandar,,04/28/2016,Normal Pusat,07:30,16:30,07:00,16:35,1,1,,,,,09:00,,True,True,PT. Waru Abadi,1,,,09:35,,,
29,7200032,,Isnandar,,04/29/2016,Normal Pusat,07:30,16:30,06:57,17:33,1,1,,,,01:03,09:00,,True,True,PT. Waru Abadi,1,,,10:35,1.05,,
17,7299025,,Achmad Sundjani,,04/01/2016,Normal Pusat,07:30,16:30,,,1,,,,True,,,,True,True,PT. Waru Abadi,,,,,,,
17,7299025,,Achmad Sundjani,,04/04/2016,Normal Pusat,07:30,16:30,,17:22,1,1,01:00,,,,08:00,,True,True,PT. Waru Abadi,1,,,09:52,,,
17,7299025,,Achmad Sundjani,,04/05/2016,Normal Pusat,07:30,16:30,06:46,16:47,1,1,,,,,09:00,,True,True,PT. Waru Abadi,1,,,10:01,,,
17,7299025,,Achmad Sundjani,,04/06/2016,Normal Pusat,07:30,16:30,06:42,16:45,1,1,,,,,09:00,,True,True,PT. Waru Abadi,1,,,10:02,,,
17,7299025,,Achmad Sundjani,,04/07/2016,Normal Pusat,07:30,16:30,,,1,,,,True,,,,True,True,PT. Waru Abadi,,,,,,,
17,7299025,,Achmad Sundjani,,04/08/2016,Normal Pusat,07:30,16:30,06:50,17:10,1,1,,,,,09:00,,True,True,PT. Waru Abadi,1,,,10:19,,,
17,7299025,,Achmad Sundjani,,04/11/2016,Normal Pusat,07:30,16:30,06:52,,1,1,,01:00,,,08:00,,True,True,PT. Waru Abadi,1,,,09:37,,,
17,7299025,,Achmad Sundjani,,04/12/2016,Normal Pusat,07:30,16:30,,,1,,,,True,,,,True,True,PT. Waru Abadi,,,,,,,
17,7299025,,Achmad Sundjani,,04/13/2016,Normal Pusat,07:30,16:30,,,1,,,,True,,,,True,True,PT. Waru Abadi,,,,,,,
17,7299025,,Achmad Sundjani,,04/14/2016,Normal Pusat,07:30,16:30,,,1,,,,True,,,,True,True,PT. Waru Abadi,,,,,,,
17,7299025,,Achmad Sundjani,,04/15/2016,Normal Pusat,07:30,16:30,,,1,,,,True,,,,True,True,PT. Waru Abadi,,,,,,,
17,7299025,,Achmad Sundjani,,04/18/2016,Normal Pusat,07:30,16:30,07:06,,1,1,,01:00,,,08:00,,True,True,PT. Waru Abadi,1,,,09:23,,,
17,7299025,,Achmad Sundjani,,04/19/2016,Normal Pusat,07:30,16:30,06:58,16:53,1,1,,,,,09:00,,True,True,PT. Waru Abadi,1,,,09:55,,,
17,7299025,,Achmad Sundjani,,04/20/2016,Normal Pusat,07:30,16:30,07:09,17:27,1,1,,,,,09:00,,True,True,PT. Waru Abadi,1,,,10:17,,,
17,7299025,,Achmad Sundjani,,04/21/2016,Normal Pusat,07:30,16:30,06:57,17:06,1,1,,,,,09:00,,True,True,PT. Waru Abadi,1,,,10:09,,,
17,7299025,,Achmad Sundjani,,04/22/2016,Normal Pusat,07:30,16:30,07:06,17:41,1,1,,,,01:11,09:00,,True,True,PT. Waru Abadi,1,,,10:34,1.18,,
17,7299025,,Achmad Sundjani,,04/25/2016,Normal Pusat,07:30,16:30,,,1,,,,True,,,,True,True,PT. Waru Abadi,,,,,,,
17,7299025,,Achmad Sundjani,,04/26/2016,Normal Pusat,07:30,16:30,,,1,,,,True,,,,True,True,PT. Waru Abadi,,,,,,,
17,7299025,,Achmad Sundjani,,04/27/2016,Normal Pusat,07:30,16:30,,,1,,,,True,,,,True,True,PT. Waru Abadi,,,,,,,
17,7299025,,Achmad Sundjani,,04/28/2016,Normal Pusat,07:30,16:30,,,1,,,,True,,,,True,True,PT. Waru Abadi,,,,,,,
17,7299025,,Achmad Sundjani,,04/29/2016,Normal Pusat,07:30,16:30,,,1,,,,True,,,,True,True,PT. Waru Abadi,,,,,,,
31,7399020,,Arif Wijaya,,04/01/2016,Normal Pusat,07:30,16:30,,,1,,,,True,,,,True,True,PT. Waru Abadi,,,,,,,
31,7399020,,Arif Wijaya,,04/04/2016,Normal Pusat,07:30,16:30,,16:25,1,1,01:00,00:05,,,07:55,,True,True,PT. Waru Abadi,1,,,08:50,,,
31,7399020,,Arif Wijaya,,04/05/2016,Normal Pusat,07:30,16:30,,,1,,,,True,,,,True,True,PT. Waru Abadi,,,,,,,
31,7399020,,Arif Wijaya,,04/06/2016,Normal Pusat,07:30,16:30,,,1,,,,True,,,,True,True,PT. Waru Abadi,,,,,,,
31,7399020,,Arif Wijaya,,04/07/2016,Normal Pusat,07:30,16:30,,,1,,,,True,,,,True,True,PT. Waru Abadi,,,,,,,
31,7399020,,Arif Wijaya,,04/08/2016,Normal Pusat,07:30,16:30,,,1,,,,True,,,,True,True,PT. Waru Abadi,,,,,,,
31,7399020,,Arif Wijaya,,04/11/2016,Normal Pusat,07:30,16:30,06:26,18:16,1,1,,,,01:46,09:00,,True,True,PT. Waru Abadi,1,,,11:50,1.77,,
31,7399020,,Arif Wijaya,,04/12/2016,Normal Pusat,07:30,16:30,,,1,,,,True,,,,True,True,PT. Waru Abadi,,,,,,,
31,7399020,,Arif Wijaya,,04/13/2016,Normal Pusat,07:30,16:30,,17:59,1,1,01:00,,,01:29,08:00,,True,True,PT. Waru Abadi,1,,,10:29,1.48,,
31,7399020,,Arif Wijaya,,04/14/2016,Normal Pusat,07:30,16:30,,17:04,1,1,01:00,,,,08:00,,True,True,PT. Waru Abadi,1,,,09:34,,,
31,7399020,,Arif Wijaya,,04/15/2016,Normal Pusat,07:30,16:30,06:39,,1,1,,01:00,,,08:00,,True,True,PT. Waru Abadi,1,,,09:50,,,
31,7399020,,Arif Wijaya,,04/18/2016,Normal Pusat,07:30,16:30,,,1,,,,True,,,,True,True,PT. Waru Abadi,,,,,,,
31,7399020,,Arif Wijaya,,04/19/2016,Normal Pusat,07:30,16:30,,,1,,,,True,,,,True,True,PT. Waru Abadi,,,,,,,
31,7399020,,Arif Wijaya,,04/20/2016,Normal Pusat,07:30,16:30,,17:32,1,1,01:00,,,01:02,08:00,,True,True,PT. Waru Abadi,1,,,10:02,1.04,,
31,7399020,,Arif Wijaya,,04/21/2016,Normal Pusat,07:30,16:30,06:54,16:36,1,1,,,,,09:00,,True,True,PT. Waru Abadi,1,,,09:42,,,
31,7399020,,Arif Wijaya,,04/22/2016,Normal Pusat,07:30,16:30,,16:37,1,1,01:00,,,,08:00,,True,True,PT. Waru Abadi,1,,,09:07,,,
31,7399020,,Arif Wijaya,,04/25/2016,Normal Pusat,07:30,16:30,06:28,,1,1,,01:00,,,08:00,,True,True,PT. Waru Abadi,1,,,10:01,,,
31,7399020,,Arif Wijaya,,04/26/2016,Normal Pusat,07:30,16:30,07:02,16:47,1,1,,,,,09:00,,True,True,PT. Waru Abadi,1,,,09:45,,,
31,7399020,,Arif Wijaya,,04/27/2016,Normal Pusat,07:30,16:30,06:40,,1,1,,01:00,,,08:00,,True,True,PT. Waru Abadi,1,,,09:49,,,
31,7399020,,Arif Wijaya,,04/28/2016,Normal Pusat,07:30,16:30,06:26,17:36,1,1,,,,01:06,09:00,,True,True,PT. Waru Abadi,1,,,11:09,1.11,,
31,7399020,,Arif Wijaya,,04/29/2016,Normal Pusat,07:30,16:30,06:52,,1,1,,01:00,,,08:00,,True,True,PT. Waru Abadi,1,,,09:37,,,
19,7401054,,Agus Setiawan,,04/01/2016,Normal Pusat,07:30,16:30,,,1,,,,True,,,,True,True,PT. Waru Abadi,,,,,,,
19,7401054,,Agus Setiawan,,04/04/2016,Normal Pusat,07:30,16:30,,19:00,1,1,01:00,,,02:30,08:00,,True,True,PT. Waru Abadi,1,,,11:30,2.5,,
19,7401054,,Agus Setiawan,,04/05/2016,Normal Pusat,07:30,16:30,07:15,18:51,1,1,,,,02:21,09:00,,True,True,PT. Waru Abadi,1,,,11:35,2.35,,
19,7401054,,Agus Setiawan,,04/06/2016,Normal Pusat,07:30,16:30,07:07,,1,1,,01:00,,,08:00,,True,True,PT. Waru Abadi,1,,,09:22,,,
19,7401054,,Agus Setiawan,,04/07/2016,Normal Pusat,07:30,16:30,07:11,,1,1,,01:00,,,08:00,,True,True,PT. Waru Abadi,1,,,09:18,,,
19,7401054,,Agus Setiawan,,04/08/2016,Normal Pusat,07:30,16:30,07:12,,1,1,,01:00,,,08:00,,True,True,PT. Waru Abadi,1,,,09:17,,,
19,7401054,,Agus Setiawan,,04/11/2016,Normal Pusat,07:30,16:30,07:13,,1,1,,01:00,,,08:00,,True,True,PT. Waru Abadi,1,,,09:16,,,
19,7401054,,Agus Setiawan,,04/12/2016,Normal Pusat,07:30,16:30,07:15,,1,1,,01:00,,,08:00,,True,True,PT. Waru Abadi,1,,,09:14,,,
19,7401054,,Agus Setiawan,,04/13/2016,Normal Pusat,07:30,16:30,07:09,,1,1,,01:00,,,08:00,,True,True,PT. Waru Abadi,1,,,09:20,,,
19,7401054,,Agus Setiawan,,04/14/2016,Normal Pusat,07:30,16:30,07:20,,1,1,,01:00,,,08:00,,True,True,PT. Waru Abadi,1,,,09:09,,,
19,7401054,,Agus Setiawan,,04/15/2016,Normal Pusat,07:30,16:30,07:18,,1,1,,01:00,,,08:00,,True,True,PT. Waru Abadi,1,,,09:11,,,
19,7401054,,Agus Setiawan,,04/18/2016,Normal Pusat,07:30,16:30,07:12,,1,1,,01:00,,,08:00,,True,True,PT. Waru Abadi,1,,,09:17,,,
19,7401054,,Agus Setiawan,,04/19/2016,Normal Pusat,07:30,16:30,07:11,,1,1,,01:00,,,08:00,,True,True,PT. Waru Abadi,1,,,09:18,,,
19,7401054,,Agus Setiawan,,04/20/2016,Normal Pusat,07:30,16:30,07:13,,1,1,,01:00,,,08:00,,True,True,PT. Waru Abadi,1,,,09:16,,,
19,7401054,,Agus Setiawan,,04/21/2016,Normal Pusat,07:30,16:30,07:07,,1,1,,01:00,,,08:00,,True,True,PT. Waru Abadi,1,,,09:22,,,
19,7401054,,Agus Setiawan,,04/22/2016,Normal Pusat,07:30,16:30,07:04,,1,1,,01:00,,,08:00,,True,True,PT. Waru Abadi,1,,,09:25,,,
19,7401054,,Agus Setiawan,,04/25/2016,Normal Pusat,07:30,16:30,06:54,,1,1,,01:00,,,08:00,,True,True,PT. Waru Abadi,1,,,09:35,,,
19,7401054,,Agus Setiawan,,04/26/2016,Normal Pusat,07:30,16:30,,,1,,,,True,,,,True,True,PT. Waru Abadi,,,,,,,
19,7401054,,Agus Setiawan,,04/27/2016,Normal Pusat,07:30,16:30,07:15,,1,1,,01:00,,,08:00,,True,True,PT. Waru Abadi,1,,,09:14,,,
19,7401054,,Agus Setiawan,,04/28/2016,Normal Pusat,07:30,16:30,06:58,,1,1,,01:00,,,08:00,,True,True,PT. Waru Abadi,1,,,09:31,,,
19,7401054,,Agus Setiawan,,04/29/2016,Normal Pusat,07:30,16:30,07:05,,1,1,,01:00,,,08:00,,True,True,PT. Waru Abadi,1,,,09:24,,,
13,7402070,,AgusHariyono,,04/01/2016,Normal Pusat,07:30,16:30,,,1,,,,True,,,,True,True,PT. Waru Abadi,,,,,,,
13,7402070,,AgusHariyono,,04/04/2016,Normal Pusat,07:30,16:30,,,1,,,,True,,,,True,True,PT. Waru Abadi,,,,,,,
13,7402070,,AgusHariyono,,04/05/2016,Normal Pusat,07:30,16:30,07:20,16:40,1,1,,,,,09:00,,True,True,PT. Waru Abadi,1,,,09:19,,,
13,7402070,,AgusHariyono,,04/06/2016,Normal Pusat,07:30,16:30,07:20,16:47,1,1,,,,,09:00,,True,True,PT. Waru Abadi,1,,,09:26,,,
13,7402070,,AgusHariyono,,04/07/2016,Normal Pusat,07:30,16:30,07:19,16:44,1,1,,,,,09:00,,True,True,PT. Waru Abadi,1,,,09:24,,,
13,7402070,,AgusHariyono,,04/08/2016,Normal Pusat,07:30,16:30,07:28,16:39,1,1,,,,,09:00,,True,True,PT. Waru Abadi,1,,,09:11,,,
13,7402070,,AgusHariyono,,04/11/2016,Normal Pusat,07:30,16:30,,,1,,,,True,,,,True,True,PT. Waru Abadi,,,,,,,
13,7402070,,AgusHariyono,,04/12/2016,Normal Pusat,07:30,16:30,,,1,,,,True,,,,True,True,PT. Waru Abadi,,,,,,,
13,7402070,,AgusHariyono,,04/13/2016,Normal Pusat,07:30,16:30,,,1,,,,True,,,,True,True,PT. Waru Abadi,,,,,,,
13,7402070,,AgusHariyono,,04/14/2016,Normal Pusat,07:30,16:30,,,1,,,,True,,,,True,True,PT. Waru Abadi,,,,,,,
13,7402070,,AgusHariyono,,04/15/2016,Normal Pusat,07:30,16:30,07:41,16:38,1,1,00:11,,,,08:48,,True,True,PT. Waru Abadi,1,,,08:57,,,
13,7402070,,AgusHariyono,,04/18/2016,Normal Pusat,07:30,16:30,07:24,16:48,1,1,,,,,09:00,,True,True,PT. Waru Abadi,1,,,09:24,,,
13,7402070,,AgusHariyono,,04/19/2016,Normal Pusat,07:30,16:30,07:23,16:41,1,1,,,,,09:00,,True,True,PT. Waru Abadi,1,,,09:17,,,
13,7402070,,AgusHariyono,,04/20/2016,Normal Pusat,07:30,16:30,07:23,16:45,1,1,,,,,09:00,,True,True,PT. Waru Abadi,1,,,09:22,,,
13,7402070,,AgusHariyono,,04/21/2016,Normal Pusat,07:30,16:30,07:24,16:38,1,1,,,,,09:00,,True,True,PT. Waru Abadi,1,,,09:14,,,
13,7402070,,AgusHariyono,,04/22/2016,Normal Pusat,07:30,16:30,07:24,18:08,1,1,,,,01:38,09:00,,True,True,PT. Waru Abadi,1,,,10:44,1.64,,
13,7402070,,AgusHariyono,,04/25/2016,Normal Pusat,07:30,16:30,,,1,,,,True,,,,True,True,PT. Waru Abadi,,,,,,,
13,7402070,,AgusHariyono,,04/26/2016,Normal Pusat,07:30,16:30,,,1,,,,True,,,,True,True,PT. Waru Abadi,,,,,,,
13,7402070,,AgusHariyono,,04/27/2016,Normal Pusat,07:30,16:30,,,1,,,,True,,,,True,True,PT. Waru Abadi,,,,,,,
13,7402070,,AgusHariyono,,04/28/2016,Normal Pusat,07:30,16:30,,,1,,,,True,,,,True,True,PT. Waru Abadi,,,,,,,
13,7402070,,AgusHariyono,,04/29/2016,Normal Pusat,07:30,16:30,,,1,,,,True,,,,True,True,PT. Waru Abadi,,,,,,,
6,7498005,,Wawan Setiawan,,04/01/2016,Normal Pusat,07:30,16:30,,,1,,,,True,,,,True,True,PT. Waru Abadi,,,,,,,
6,7498005,,Wawan Setiawan,,04/04/2016,Normal Pusat,07:30,16:30,,,1,,,,True,,,,True,True,PT. Waru Abadi,,,,,,,
6,7498005,,Wawan Setiawan,,04/05/2016,Normal Pusat,07:30,16:30,,,1,,,,True,,,,True,True,PT. Waru Abadi,,,,,,,
6,7498005,,Wawan Setiawan,,04/06/2016,Normal Pusat,07:30,16:30,07:20,,1,1,,01:00,,,08:00,,True,True,PT. Waru Abadi,1,,,09:09,,,
6,7498005,,Wawan Setiawan,,04/07/2016,Normal Pusat,07:30,16:30,,,1,,,,True,,,,True,True,PT. Waru Abadi,,,,,,,
6,7498005,,Wawan Setiawan,,04/08/2016,Normal Pusat,07:30,16:30,,,1,,,,True,,,,True,True,PT. Waru Abadi,,,,,,,
6,7498005,,Wawan Setiawan,,04/11/2016,Normal Pusat,07:30,16:30,,,1,,,,True,,,,True,True,PT. Waru Abadi,,,,,,,
6,7498005,,Wawan Setiawan,,04/12/2016,Normal Pusat,07:30,16:30,07:22,,1,1,,01:00,,,08:00,,True,True,PT. Waru Abadi,1,,,09:07,,,
6,7498005,,Wawan Setiawan,,04/13/2016,Normal Pusat,07:30,16:30,,,1,,,,True,,,,True,True,PT. Waru Abadi,,,,,,,
6,7498005,,Wawan Setiawan,,04/14/2016,Normal Pusat,07:30,16:30,,,1,,,,True,,,,True,True,PT. Waru Abadi,,,,,,,
6,7498005,,Wawan Setiawan,,04/15/2016,Normal Pusat,07:30,16:30,,,1,,,,True,,,,True,True,PT. Waru Abadi,,,,,,,
6,7498005,,Wawan Setiawan,,04/18/2016,Normal Pusat,07:30,16:30,,,1,,,,True,,,,True,True,PT. Waru Abadi,,,,,,,
6,7498005,,Wawan Setiawan,,04/19/2016,Normal Pusat,07:30,16:30,,,1,,,,True,,,,True,True,PT. Waru Abadi,,,,,,,
6,7498005,,Wawan Setiawan,,04/20/2016,Normal Pusat,07:30,16:30,,,1,,,,True,,,,True,True,PT. Waru Abadi,,,,,,,
6,7498005,,Wawan Setiawan,,04/21/2016,Normal Pusat,07:30,16:30,,,1,,,,True,,,,True,True,PT. Waru Abadi,,,,,,,
6,7498005,,Wawan Setiawan,,04/22/2016,Normal Pusat,07:30,16:30,,,1,,,,True,,,,True,True,PT. Waru Abadi,,,,,,,
6,7498005,,Wawan Setiawan,,04/25/2016,Normal Pusat,07:30,16:30,,,1,,,,True,,,,True,True,PT. Waru Abadi,,,,,,,
6,7498005,,Wawan Setiawan,,04/26/2016,Normal Pusat,07:30,16:30,,,1,,,,True,,,,True,True,PT. Waru Abadi,,,,,,,
6,7498005,,Wawan Setiawan,,04/27/2016,Normal Pusat,07:30,16:30,,,1,,,,True,,,,True,True,PT. Waru Abadi,,,,,,,
6,7498005,,Wawan Setiawan,,04/28/2016,Normal Pusat,07:30,16:30,,,1,,,,True,,,,True,True,PT. Waru Abadi,,,,,,,
6,7498005,,Wawan Setiawan,,04/29/2016,Normal Pusat,07:30,16:30,,,1,,,,True,,,,True,True,PT. Waru Abadi,,,,,,,
8,7500031,,Nur Rohim,,04/01/2016,Normal Pusat,07:30,16:30,,,1,,,,True,,,,True,True,PT. Waru Abadi,,,,,,,
8,7500031,,Nur Rohim,,04/04/2016,Normal Pusat,07:30,16:30,,16:41,1,1,01:00,,,,08:00,,True,True,PT. Waru Abadi,1,,,09:11,,,
8,7500031,,Nur Rohim,,04/05/2016,Normal Pusat,07:30,16:30,07:00,19:32,1,1,,,,03:02,09:00,,True,True,PT. Waru Abadi,1,,,12:32,3.05,,
8,7500031,,Nur Rohim,,04/06/2016,Normal Pusat,07:30,16:30,07:07,17:36,1,1,,,,01:06,09:00,,True,True,PT. Waru Abadi,1,,,10:28,1.1,,
8,7500031,,Nur Rohim,,04/07/2016,Normal Pusat,07:30,16:30,08:18,18:56,1,1,00:48,,,02:26,08:11,,True,True,PT. Waru Abadi,1,,,10:37,2.44,,
8,7500031,,Nur Rohim,,04/08/2016,Normal Pusat,07:30,16:30,,,1,,,,True,,,,True,True,PT. Waru Abadi,,,,,,,
8,7500031,,Nur Rohim,,04/11/2016,Normal Pusat,07:30,16:30,07:12,16:40,1,1,,,,,09:00,,True,True,PT. Waru Abadi,1,,,09:28,,,
8,7500031,,Nur Rohim,,04/12/2016,Normal Pusat,07:30,16:30,07:09,16:37,1,1,,,,,09:00,,True,True,PT. Waru Abadi,1,,,09:28,,,
8,7500031,,Nur Rohim,,04/13/2016,Normal Pusat,07:30,16:30,06:52,16:50,1,1,,,,,09:00,,True,True,PT. Waru Abadi,1,,,09:58,,,
8,7500031,,Nur Rohim,,04/14/2016,Normal Pusat,07:30,16:30,06:58,16:52,1,1,,,,,09:00,,True,True,PT. Waru Abadi,1,,,09:53,,,
8,7500031,,Nur Rohim,,04/15/2016,Normal Pusat,07:30,16:30,06:58,16:34,1,1,,,,,09:00,,True,True,PT. Waru Abadi,1,,,09:36,,,
8,7500031,,Nur Rohim,,04/18/2016,Normal Pusat,07:30,16:30,07:01,17:17,1,1,,,,,09:00,,True,True,PT. Waru Abadi,1,,,10:15,,,
8,7500031,,Nur Rohim,,04/19/2016,Normal Pusat,07:30,16:30,07:03,16:58,1,1,,,,,09:00,,True,True,PT. Waru Abadi,1,,,09:54,,,
8,7500031,,Nur Rohim,,04/20/2016,Normal Pusat,07:30,16:30,06:54,18:23,1,1,,,,01:53,09:00,,True,True,PT. Waru Abadi,1,,,11:28,1.88,,
8,7500031,,Nur Rohim,,04/21/2016,Normal Pusat,07:30,16:30,06:53,17:07,1,1,,,,,09:00,,True,True,PT. Waru Abadi,1,,,10:13,,,
8,7500031,,Nur Rohim,,04/22/2016,Normal Pusat,07:30,16:30,07:17,17:51,1,1,,,,01:21,09:00,,True,True,PT. Waru Abadi,1,,,10:33,1.36,,
8,7500031,,Nur Rohim,,04/25/2016,Normal Pusat,07:30,16:30,07:06,21:25,1,1,,,,04:55,09:00,,True,True,PT. Waru Abadi,1,,,14:19,4.93,,
8,7500031,,Nur Rohim,,04/26/2016,Normal Pusat,07:30,16:30,07:09,17:45,1,1,,,,01:15,09:00,,True,True,PT. Waru Abadi,1,,,10:35,1.26,,
8,7500031,,Nur Rohim,,04/27/2016,Normal Pusat,07:30,16:30,07:01,19:47,1,1,,,,03:17,09:00,,True,True,PT. Waru Abadi,1,,,12:45,3.29,,
8,7500031,,Nur Rohim,,04/28/2016,Normal Pusat,07:30,16:30,07:07,16:57,1,1,,,,,09:00,,True,True,PT. Waru Abadi,1,,,09:50,,,
8,7500031,,Nur Rohim,,04/29/2016,Normal Pusat,07:30,16:30,06:49,17:17,1,1,,,,,09:00,,True,True,PT. Waru Abadi,1,,,10:28,,,
11,7601060,,Dian Eko S,,04/01/2016,Normal Pusat,07:30,16:30,,,1,,,,True,,,,True,True,PT. Waru Abadi,,,,,,,
11,7601060,,Dian Eko S,,04/04/2016,Normal Pusat,07:30,16:30,,,1,,,,True,,,,True,True,PT. Waru Abadi,,,,,,,
11,7601060,,Dian Eko S,,04/05/2016,Normal Pusat,07:30,16:30,,,1,,,,True,,,,True,True,PT. Waru Abadi,,,,,,,
11,7601060,,Dian Eko S,,04/06/2016,Normal Pusat,07:30,16:30,,,1,,,,True,,,,True,True,PT. Waru Abadi,,,,,,,
11,7601060,,Dian Eko S,,04/07/2016,Normal Pusat,07:30,16:30,,,1,,,,True,,,,True,True,PT. Waru Abadi,,,,,,,
11,7601060,,Dian Eko S,,04/08/2016,Normal Pusat,07:30,16:30,,,1,,,,True,,,,True,True,PT. Waru Abadi,,,,,,,
11,7601060,,Dian Eko S,,04/11/2016,Normal Pusat,07:30,16:30,,,1,,,,True,,,,True,True,PT. Waru Abadi,,,,,,,
11,7601060,,Dian Eko S,,04/12/2016,Normal Pusat,07:30,16:30,,,1,,,,True,,,,True,True,PT. Waru Abadi,,,,,,,
11,7601060,,Dian Eko S,,04/13/2016,Normal Pusat,07:30,16:30,,,1,,,,True,,,,True,True,PT. Waru Abadi,,,,,,,
11,7601060,,Dian Eko S,,04/14/2016,Normal Pusat,07:30,16:30,,,1,,,,True,,,,True,True,PT. Waru Abadi,,,,,,,
11,7601060,,Dian Eko S,,04/15/2016,Normal Pusat,07:30,16:30,,,1,,,,True,,,,True,True,PT. Waru Abadi,,,,,,,
11,7601060,,Dian Eko S,,04/18/2016,Normal Pusat,07:30,16:30,,,1,,,,True,,,,True,True,PT. Waru Abadi,,,,,,,
11,7601060,,Dian Eko S,,04/19/2016,Normal Pusat,07:30,16:30,,,1,,,,True,,,,True,True,PT. Waru Abadi,,,,,,,
11,7601060,,Dian Eko S,,04/20/2016,Normal Pusat,07:30,16:30,,,1,,,,True,,,,True,True,PT. Waru Abadi,,,,,,,
11,7601060,,Dian Eko S,,04/21/2016,Normal Pusat,07:30,16:30,,,1,,,,True,,,,True,True,PT. Waru Abadi,,,,,,,
11,7601060,,Dian Eko S,,04/22/2016,Normal Pusat,07:30,16:30,,,1,,,,True,,,,True,True,PT. Waru Abadi,,,,,,,
11,7601060,,Dian Eko S,,04/25/2016,Normal Pusat,07:30,16:30,,,1,,,,True,,,,True,True,PT. Waru Abadi,,,,,,,
11,7601060,,Dian Eko S,,04/26/2016,Normal Pusat,07:30,16:30,,,1,,,,True,,,,True,True,PT. Waru Abadi,,,,,,,
11,7601060,,Dian Eko S,,04/27/2016,Normal Pusat,07:30,16:30,,,1,,,,True,,,,True,True,PT. Waru Abadi,,,,,,,
11,7601060,,Dian Eko S,,04/28/2016,Normal Pusat,07:30,16:30,,,1,,,,True,,,,True,True,PT. Waru Abadi,,,,,,,
11,7601060,,Dian Eko S,,04/29/2016,Normal Pusat,07:30,16:30,,,1,,,,True,,,,True,True,PT. Waru Abadi,,,,,,,
27,7799021,,Siti Mujayanah,,04/01/2016,Normal Pusat,07:30,16:30,,,1,,,,True,,,,True,True,PT. Waru Abadi,,,,,,,
27,7799021,,Siti Mujayanah,,04/04/2016,Normal Pusat,07:30,16:30,,,1,,,,True,,,,True,True,PT. Waru Abadi,,,,,,,
27,7799021,,Siti Mujayanah,,04/05/2016,Normal Pusat,07:30,16:30,07:23,16:55,1,1,,,,,09:00,,True,True,PT. Waru Abadi,1,,,09:31,,,
27,7799021,,Siti Mujayanah,,04/06/2016,Normal Pusat,07:30,16:30,07:27,16:52,1,1,,,,,09:00,,True,True,PT. Waru Abadi,1,,,09:24,,,
27,7799021,,Siti Mujayanah,,04/07/2016,Normal Pusat,07:30,16:30,07:34,16:50,1,1,00:04,,,,08:55,,True,True,PT. Waru Abadi,1,,,09:16,,,
27,7799021,,Siti Mujayanah,,04/08/2016,Normal Pusat,07:30,16:30,07:21,17:51,1,1,,,,01:21,09:00,,True,True,PT. Waru Abadi,1,,,10:30,1.36,,
27,7799021,,Siti Mujayanah,,04/11/2016,Normal Pusat,07:30,16:30,,,1,,,,True,,,,True,True,PT. Waru Abadi,,,,,,,
27,7799021,,Siti Mujayanah,,04/12/2016,Normal Pusat,07:30,16:30,07:20,16:34,1,1,,,,,09:00,,True,True,PT. Waru Abadi,1,,,09:14,,,
27,7799021,,Siti Mujayanah,,04/13/2016,Normal Pusat,07:30,16:30,07:18,,1,1,,01:00,,,08:00,,True,True,PT. Waru Abadi,1,,,09:11,,,
27,7799021,,Siti Mujayanah,,04/14/2016,Normal Pusat,07:30,16:30,07:09,17:05,1,1,,,,,09:00,,True,True,PT. Waru Abadi,1,,,09:56,,,
27,7799021,,Siti Mujayanah,,04/15/2016,Normal Pusat,07:30,16:30,07:22,16:50,1,1,,,,,09:00,,True,True,PT. Waru Abadi,1,,,09:27,,,
27,7799021,,Siti Mujayanah,,04/18/2016,Normal Pusat,07:30,16:30,07:27,17:03,1,1,,,,,09:00,,True,True,PT. Waru Abadi,1,,,09:36,,,
27,7799021,,Siti Mujayanah,,04/19/2016,Normal Pusat,07:30,16:30,07:15,16:45,1,1,,,,,09:00,,True,True,PT. Waru Abadi,1,,,09:30,,,
27,7799021,,Siti Mujayanah,,04/20/2016,Normal Pusat,07:30,16:30,07:22,16:39,1,1,,,,,09:00,,True,True,PT. Waru Abadi,1,,,09:16,,,
27,7799021,,Siti Mujayanah,,04/21/2016,Normal Pusat,07:30,16:30,07:17,16:38,1,1,,,,,09:00,,True,True,PT. Waru Abadi,1,,,09:20,,,
27,7799021,,Siti Mujayanah,,04/22/2016,Normal Pusat,07:30,16:30,07:29,16:44,1,1,,,,,09:00,,True,True,PT. Waru Abadi,1,,,09:14,,,
27,7799021,,Siti Mujayanah,,04/25/2016,Normal Pusat,07:30,16:30,07:22,17:02,1,1,,,,,09:00,,True,True,PT. Waru Abadi,1,,,09:39,,,
27,7799021,,Siti Mujayanah,,04/26/2016,Normal Pusat,07:30,16:30,07:22,16:33,1,1,,,,,09:00,,True,True,PT. Waru Abadi,1,,,09:10,,,
27,7799021,,Siti Mujayanah,,04/27/2016,Normal Pusat,07:30,16:30,07:28,16:11,1,1,,00:19,,,08:41,,True,True,PT. Waru Abadi,1,,,08:42,,,
27,7799021,,Siti Mujayanah,,04/28/2016,Normal Pusat,07:30,16:30,07:24,16:41,1,1,,,,,09:00,,True,True,PT. Waru Abadi,1,,,09:16,,,
27,7799021,,Siti Mujayanah,,04/29/2016,Normal Pusat,07:30,16:30,07:25,17:07,1,1,,,,,09:00,,True,True,PT. Waru Abadi,1,,,09:41,,,
14,7802072,,Zul Novrianto,,04/01/2016,Normal Pusat,07:30,16:30,,,1,,,,True,,,,True,True,PT. Waru Abadi,,,,,,,
14,7802072,,Zul Novrianto,,04/04/2016,Normal Pusat,07:30,16:30,,17:24,1,1,01:00,,,,08:00,,True,True,PT. Waru Abadi,1,,,09:54,,,
14,7802072,,Zul Novrianto,,04/05/2016,Normal Pusat,07:30,16:30,07:18,17:07,1,1,,,,,09:00,,True,True,PT. Waru Abadi,1,,,09:48,,,
14,7802072,,Zul Novrianto,,04/06/2016,Normal Pusat,07:30,16:30,07:20,17:06,1,1,,,,,09:00,,True,True,PT. Waru Abadi,1,,,09:46,,,
14,7802072,,Zul Novrianto,,04/07/2016,Normal Pusat,07:30,16:30,07:20,17:42,1,1,,,,01:12,09:00,,True,True,PT. Waru Abadi,1,,,10:22,1.21,,
14,7802072,,Zul Novrianto,,04/08/2016,Normal Pusat,07:30,16:30,07:21,17:16,1,1,,,,,09:00,,True,True,PT. Waru Abadi,1,,,09:54,,,
14,7802072,,Zul Novrianto,,04/11/2016,Normal Pusat,07:30,16:30,07:20,16:52,1,1,,,,,09:00,,True,True,PT. Waru Abadi,1,,,09:31,,,
14,7802072,,Zul Novrianto,,04/12/2016,Normal Pusat,07:30,16:30,07:21,16:50,1,1,,,,,09:00,,True,True,PT. Waru Abadi,1,,,09:28,,,
14,7802072,,Zul Novrianto,,04/13/2016,Normal Pusat,07:30,16:30,07:24,16:49,1,1,,,,,09:00,,True,True,PT. Waru Abadi,1,,,09:24,,,
14,7802072,,Zul Novrianto,,04/14/2016,Normal Pusat,07:30,16:30,07:22,16:53,1,1,,,,,09:00,,True,True,PT. Waru Abadi,1,,,09:31,,,
14,7802072,,Zul Novrianto,,04/15/2016,Normal Pusat,07:30,16:30,07:20,16:36,1,1,,,,,09:00,,True,True,PT. Waru Abadi,1,,,09:16,,,
14,7802072,,Zul Novrianto,,04/18/2016,Normal Pusat,07:30,16:30,07:20,16:59,1,1,,,,,09:00,,True,True,PT. Waru Abadi,1,,,09:39,,,
14,7802072,,Zul Novrianto,,04/19/2016,Normal Pusat,07:30,16:30,07:22,16:52,1,1,,,,,09:00,,True,True,PT. Waru Abadi,1,,,09:30,,,
14,7802072,,Zul Novrianto,,04/20/2016,Normal Pusat,07:30,16:30,07:20,16:59,1,1,,,,,09:00,,True,True,PT. Waru Abadi,1,,,09:38,,,
14,7802072,,Zul Novrianto,,04/21/2016,Normal Pusat,07:30,16:30,07:20,17:12,1,1,,,,,09:00,,True,True,PT. Waru Abadi,1,,,09:52,,,
14,7802072,,Zul Novrianto,,04/22/2016,Normal Pusat,07:30,16:30,07:21,16:41,1,1,,,,,09:00,,True,True,PT. Waru Abadi,1,,,09:19,,,
14,7802072,,Zul Novrianto,,04/25/2016,Normal Pusat,07:30,16:30,07:20,17:08,1,1,,,,,09:00,,True,True,PT. Waru Abadi,1,,,09:48,,,
14,7802072,,Zul Novrianto,,04/26/2016,Normal Pusat,07:30,16:30,07:24,17:00,1,1,,,,,09:00,,True,True,PT. Waru Abadi,1,,,09:36,,,
14,7802072,,Zul Novrianto,,04/27/2016,Normal Pusat,07:30,16:30,07:18,16:51,1,1,,,,,09:00,,True,True,PT. Waru Abadi,1,,,09:33,,,
14,7802072,,Zul Novrianto,,04/28/2016,Normal Pusat,07:30,16:30,07:20,15:54,1,1,,00:36,,,08:24,,True,True,PT. Waru Abadi,1,,,08:34,,,
14,7802072,,Zul Novrianto,,04/29/2016,Normal Pusat,07:30,16:30,07:22,16:38,1,1,,,,,09:00,,True,True,PT. Waru Abadi,1,,,09:15,,,
18,7898007,,Nur Laili Maulidah,,04/01/2016,Normal Pusat,07:30,16:30,,,1,,,,True,,,,True,True,PT. Waru Abadi,,,,,,,
18,7898007,,Nur Laili Maulidah,,04/04/2016,Normal Pusat,07:30,16:30,,17:30,1,1,01:00,,,01:00,08:00,,True,True,PT. Waru Abadi,1,,,10:00,1.01,,
18,7898007,,Nur Laili Maulidah,,04/05/2016,Normal Pusat,07:30,16:30,07:24,16:47,1,1,,,,,09:00,,True,True,PT. Waru Abadi,1,,,09:22,,,
18,7898007,,Nur Laili Maulidah,,04/06/2016,Normal Pusat,07:30,16:30,07:24,16:51,1,1,,,,,09:00,,True,True,PT. Waru Abadi,1,,,09:26,,,
18,7898007,,Nur Laili Maulidah,,04/07/2016,Normal Pusat,07:30,16:30,07:29,16:39,1,1,,,,,09:00,,True,True,PT. Waru Abadi,1,,,09:10,,,
18,7898007,,Nur Laili Maulidah,,04/08/2016,Normal Pusat,07:30,16:30,07:27,16:55,1,1,,,,,09:00,,True,True,PT. Waru Abadi,1,,,09:27,,,
18,7898007,,Nur Laili Maulidah,,04/11/2016,Normal Pusat,07:30,16:30,07:27,16:37,1,1,,,,,09:00,,True,True,PT. Waru Abadi,1,,,09:10,,,
18,7898007,,Nur Laili Maulidah,,04/12/2016,Normal Pusat,07:30,16:30,07:25,16:37,1,1,,,,,09:00,,True,True,PT. Waru Abadi,1,,,09:11,,,
18,7898007,,Nur Laili Maulidah,,04/13/2016,Normal Pusat,07:30,16:30,07:28,16:40,1,1,,,,,09:00,,True,True,PT. Waru Abadi,1,,,09:11,,,
18,7898007,,Nur Laili Maulidah,,04/14/2016,Normal Pusat,07:30,16:30,,,1,,,,True,,,,True,True,PT. Waru Abadi,,,,,,,
18,7898007,,Nur Laili Maulidah,,04/15/2016,Normal Pusat,07:30,16:30,07:26,,1,1,,01:00,,,08:00,,True,True,PT. Waru Abadi,1,,,09:03,,,
18,7898007,,Nur Laili Maulidah,,04/18/2016,Normal Pusat,07:30,16:30,07:28,16:40,1,1,,,,,09:00,,True,True,PT. Waru Abadi,1,,,09:11,,,
18,7898007,,Nur Laili Maulidah,,04/19/2016,Normal Pusat,07:30,16:30,07:26,16:54,1,1,,,,,09:00,,True,True,PT. Waru Abadi,1,,,09:28,,,
18,7898007,,Nur Laili Maulidah,,04/20/2016,Normal Pusat,07:30,16:30,07:42,16:38,1,1,00:12,,,,08:47,,True,True,PT. Waru Abadi,1,,,08:55,,,
18,7898007,,Nur Laili Maulidah,,04/21/2016,Normal Pusat,07:30,16:30,07:28,16:36,1,1,,,,,09:00,,True,True,PT. Waru Abadi,1,,,09:08,,,
18,7898007,,Nur Laili Maulidah,,04/22/2016,Normal Pusat,07:30,16:30,07:29,16:48,1,1,,,,,09:00,,True,True,PT. Waru Abadi,1,,,09:19,,,
18,7898007,,Nur Laili Maulidah,,04/25/2016,Normal Pusat,07:30,16:30,07:26,16:32,1,1,,,,,09:00,,True,True,PT. Waru Abadi,1,,,09:06,,,
18,7898007,,Nur Laili Maulidah,,04/26/2016,Normal Pusat,07:30,16:30,07:27,16:33,1,1,,,,,09:00,,True,True,PT. Waru Abadi,1,,,09:05,,,
18,7898007,,Nur Laili Maulidah,,04/27/2016,Normal Pusat,07:30,16:30,07:27,17:00,1,1,,,,,09:00,,True,True,PT. Waru Abadi,1,,,09:32,,,
18,7898007,,Nur Laili Maulidah,,04/28/2016,Normal Pusat,07:30,16:30,07:29,16:46,1,1,,,,,09:00,,True,True,PT. Waru Abadi,1,,,09:16,,,
18,7898007,,Nur Laili Maulidah,,04/29/2016,Normal Pusat,07:30,16:30,07:29,16:45,1,1,,,,,09:00,,True,True,PT. Waru Abadi,1,,,09:15,,,
33,7899019,,Budi Setiawan,,04/01/2016,Normal Pusat,07:30,16:30,,,1,,,,True,,,,True,True,PT. Waru Abadi,,,,,,,
33,7899019,,Budi Setiawan,,04/04/2016,Normal Pusat,07:30,16:30,,,1,,,,True,,,,True,True,PT. Waru Abadi,,,,,,,
33,7899019,,Budi Setiawan,,04/05/2016,Normal Pusat,07:30,16:30,,,1,,,,True,,,,True,True,PT. Waru Abadi,,,,,,,
33,7899019,,Budi Setiawan,,04/06/2016,Normal Pusat,07:30,16:30,,,1,,,,True,,,,True,True,PT. Waru Abadi,,,,,,,
33,7899019,,Budi Setiawan,,04/07/2016,Normal Pusat,07:30,16:30,,,1,,,,True,,,,True,True,PT. Waru Abadi,,,,,,,
33,7899019,,Budi Setiawan,,04/08/2016,Normal Pusat,07:30,16:30,,,1,,,,True,,,,True,True,PT. Waru Abadi,,,,,,,
33,7899019,,Budi Setiawan,,04/11/2016,Normal Pusat,07:30,16:30,,,1,,,,True,,,,True,True,PT. Waru Abadi,,,,,,,
33,7899019,,Budi Setiawan,,04/12/2016,Normal Pusat,07:30,16:30,,,1,,,,True,,,,True,True,PT. Waru Abadi,,,,,,,
33,7899019,,Budi Setiawan,,04/13/2016,Normal Pusat,07:30,16:30,,,1,,,,True,,,,True,True,PT. Waru Abadi,,,,,,,
33,7899019,,Budi Setiawan,,04/14/2016,Normal Pusat,07:30,16:30,07:52,17:12,1,1,00:22,,,,08:37,,True,True,PT. Waru Abadi,1,,,09:19,,,
33,7899019,,Budi Setiawan,,04/15/2016,Normal Pusat,07:30,16:30,07:23,,1,1,,01:00,,,08:00,,True,True,PT. Waru Abadi,1,,,09:06,,,
33,7899019,,Budi Setiawan,,04/18/2016,Normal Pusat,07:30,16:30,07:22,17:04,1,1,,,,,09:00,,True,True,PT. Waru Abadi,1,,,09:42,,,
33,7899019,,Budi Setiawan,,04/19/2016,Normal Pusat,07:30,16:30,07:17,16:40,1,1,,,,,09:00,,True,True,PT. Waru Abadi,1,,,09:22,,,
33,7899019,,Budi Setiawan,,04/20/2016,Normal Pusat,07:30,16:30,07:18,17:13,1,1,,,,,09:00,,True,True,PT. Waru Abadi,1,,,09:55,,,
33,7899019,,Budi Setiawan,,04/21/2016,Normal Pusat,07:30,16:30,07:21,17:12,1,1,,,,,09:00,,True,True,PT. Waru Abadi,1,,,09:51,,,
33,7899019,,Budi Setiawan,,04/22/2016,Normal Pusat,07:30,16:30,07:19,16:55,1,1,,,,,09:00,,True,True,PT. Waru Abadi,1,,,09:35,,,
33,7899019,,Budi Setiawan,,04/25/2016,Normal Pusat,07:30,16:30,,,1,,,,True,,,,True,True,PT. Waru Abadi,,,,,,,
33,7899019,,Budi Setiawan,,04/26/2016,Normal Pusat,07:30,16:30,,,1,,,,True,,,,True,True,PT. Waru Abadi,,,,,,,
33,7899019,,Budi Setiawan,,04/27/2016,Normal Pusat,07:30,16:30,07:17,17:00,1,1,,,,,09:00,,True,True,PT. Waru Abadi,1,,,09:42,,,
33,7899019,,Budi Setiawan,,04/28/2016,Normal Pusat,07:30,16:30,07:22,16:57,1,1,,,,,09:00,,True,True,PT. Waru Abadi,1,,,09:35,,,
33,7899019,,Budi Setiawan,,04/29/2016,Normal Pusat,07:30,16:30,07:18,20:50,1,1,,,,04:20,09:00,,True,True,PT. Waru Abadi,1,,,13:32,4.35,,
24,7906103,,Yusuf Reza,,04/01/2016,Normal Pusat,07:30,16:30,,,1,,,,True,,,,True,True,PT. Waru Abadi,,,,,,,
24,7906103,,Yusuf Reza,,04/04/2016,Normal Pusat,07:30,16:30,,17:47,1,1,01:00,,,01:17,08:00,,True,True,PT. Waru Abadi,1,,,10:17,1.3,,
24,7906103,,Yusuf Reza,,04/05/2016,Normal Pusat,07:30,16:30,07:19,16:33,1,1,,,,,09:00,,True,True,PT. Waru Abadi,1,,,09:14,,,
24,7906103,,Yusuf Reza,,04/06/2016,Normal Pusat,07:30,16:30,07:14,,1,1,,01:00,,,08:00,,True,True,PT. Waru Abadi,1,,,09:15,,,
24,7906103,,Yusuf Reza,,04/07/2016,Normal Pusat,07:30,16:30,07:19,,1,1,,01:00,,,08:00,,True,True,PT. Waru Abadi,1,,,09:10,,,
24,7906103,,Yusuf Reza,,04/08/2016,Normal Pusat,07:30,16:30,,18:02,1,1,01:00,,,01:32,08:00,,True,True,PT. Waru Abadi,1,,,10:32,1.54,,
24,7906103,,Yusuf Reza,,04/11/2016,Normal Pusat,07:30,16:30,07:28,,1,1,,01:00,,,08:00,,True,True,PT. Waru Abadi,1,,,09:01,,,
24,7906103,,Yusuf Reza,,04/12/2016,Normal Pusat,07:30,16:30,07:12,,1,1,,01:00,,,08:00,,True,True,PT. Waru Abadi,1,,,09:17,,,
24,7906103,,Yusuf Reza,,04/13/2016,Normal Pusat,07:30,16:30,07:20,,1,1,,01:00,,,08:00,,True,True,PT. Waru Abadi,1,,,09:09,,,
24,7906103,,Yusuf Reza,,04/14/2016,Normal Pusat,07:30,16:30,07:20,,1,1,,01:00,,,08:00,,True,True,PT. Waru Abadi,1,,,09:09,,,
24,7906103,,Yusuf Reza,,04/15/2016,Normal Pusat,07:30,16:30,07:09,16:30,1,1,,,,,09:00,,True,True,PT. Waru Abadi,1,,,09:20,,,
24,7906103,,Yusuf Reza,,04/18/2016,Normal Pusat,07:30,16:30,07:20,,1,1,,01:00,,,08:00,,True,True,PT. Waru Abadi,1,,,09:09,,,
24,7906103,,Yusuf Reza,,04/19/2016,Normal Pusat,07:30,16:30,07:16,18:08,1,1,,,,01:38,09:00,,True,True,PT. Waru Abadi,1,,,10:52,1.64,,
24,7906103,,Yusuf Reza,,04/20/2016,Normal Pusat,07:30,16:30,07:15,19:42,1,1,,,,03:12,09:00,,True,True,PT. Waru Abadi,1,,,12:26,3.21,,
24,7906103,,Yusuf Reza,,04/21/2016,Normal Pusat,07:30,16:30,07:19,,1,1,,01:00,,,08:00,,True,True,PT. Waru Abadi,1,,,09:10,,,
24,7906103,,Yusuf Reza,,04/22/2016,Normal Pusat,07:30,16:30,07:18,17:49,1,1,,,,01:19,09:00,,True,True,PT. Waru Abadi,1,,,10:31,1.33,,
24,7906103,,Yusuf Reza,,04/25/2016,Normal Pusat,07:30,16:30,07:20,,1,1,,01:00,,,08:00,,True,True,PT. Waru Abadi,1,,,09:09,,,
24,7906103,,Yusuf Reza,,04/26/2016,Normal Pusat,07:30,16:30,07:22,,1,1,,01:00,,,08:00,,True,True,PT. Waru Abadi,1,,,09:07,,,
24,7906103,,Yusuf Reza,,04/27/2016,Normal Pusat,07:30,16:30,07:18,,1,1,,01:00,,,08:00,,True,True,PT. Waru Abadi,1,,,09:11,,,
24,7906103,,Yusuf Reza,,04/28/2016,Normal Pusat,07:30,16:30,07:16,17:01,1,1,,,,,09:00,,True,True,PT. Waru Abadi,1,,,09:45,,,
24,7906103,,Yusuf Reza,,04/29/2016,Normal Pusat,07:30,16:30,07:20,18:16,1,1,,,,01:46,09:00,,True,True,PT. Waru Abadi,1,,,10:55,1.77,,
15,8006096,,Ganang Musyaffa,,04/01/2016,Normal Pusat,07:30,16:30,,,1,,,,True,,,,True,True,PT. Waru Abadi,,,,,,,
15,8006096,,Ganang Musyaffa,,04/04/2016,Normal Pusat,07:30,16:30,,,1,,,,True,,,,True,True,PT. Waru Abadi,,,,,,,
15,8006096,,Ganang Musyaffa,,04/05/2016,Normal Pusat,07:30,16:30,09:35,16:36,1,1,02:05,,,,06:54,,True,True,PT. Waru Abadi,1,,,07:00,,,
15,8006096,,Ganang Musyaffa,,04/06/2016,Normal Pusat,07:30,16:30,08:26,16:40,1,1,00:56,,,,08:04,,True,True,PT. Waru Abadi,1,,,08:14,,,
15,8006096,,Ganang Musyaffa,,04/07/2016,Normal Pusat,07:30,16:30,07:14,17:02,1,1,,,,,09:00,,True,True,PT. Waru Abadi,1,,,09:47,,,
15,8006096,,Ganang Musyaffa,,04/08/2016,Normal Pusat,07:30,16:30,07:29,17:19,1,1,,,,,09:00,,True,True,PT. Waru Abadi,1,,,09:49,,,
15,8006096,,Ganang Musyaffa,,04/11/2016,Normal Pusat,07:30,16:30,07:25,16:48,1,1,,,,,09:00,,True,True,PT. Waru Abadi,1,,,09:23,,,
15,8006096,,Ganang Musyaffa,,04/12/2016,Normal Pusat,07:30,16:30,09:14,16:39,1,1,01:44,,,,07:15,,True,True,PT. Waru Abadi,1,,,07:25,,,
15,8006096,,Ganang Musyaffa,,04/13/2016,Normal Pusat,07:30,16:30,07:24,16:50,1,1,,,,,09:00,,True,True,PT. Waru Abadi,1,,,09:25,,,
15,8006096,,Ganang Musyaffa,,04/14/2016,Normal Pusat,07:30,16:30,07:25,16:49,1,1,,,,,09:00,,True,True,PT. Waru Abadi,1,,,09:23,,,
15,8006096,,Ganang Musyaffa,,04/15/2016,Normal Pusat,07:30,16:30,07:31,16:46,1,1,00:01,,,,08:58,,True,True,PT. Waru Abadi,1,,,09:14,,,
15,8006096,,Ganang Musyaffa,,04/18/2016,Normal Pusat,07:30,16:30,07:30,16:40,1,1,,,,,08:59,,True,True,PT. Waru Abadi,1,,,09:10,,,
15,8006096,,Ganang Musyaffa,,04/19/2016,Normal Pusat,07:30,16:30,07:24,17:03,1,1,,,,,09:00,,True,True,PT. Waru Abadi,1,,,09:39,,,
15,8006096,,Ganang Musyaffa,,04/20/2016,Normal Pusat,07:30,16:30,07:26,16:46,1,1,,,,,09:00,,True,True,PT. Waru Abadi,1,,,09:19,,,
15,8006096,,Ganang Musyaffa,,04/21/2016,Normal Pusat,07:30,16:30,07:31,,1,1,00:01,01:00,,,07:58,,True,True,PT. Waru Abadi,1,,,08:57,,,
15,8006096,,Ganang Musyaffa,,04/22/2016,Normal Pusat,07:30,16:30,07:31,16:36,1,1,00:01,,,,08:58,,True,True,PT. Waru Abadi,1,,,09:05,,,
15,8006096,,Ganang Musyaffa,,04/25/2016,Normal Pusat,07:30,16:30,07:27,16:33,1,1,,,,,09:00,,True,True,PT. Waru Abadi,1,,,09:06,,,
15,8006096,,Ganang Musyaffa,,04/26/2016,Normal Pusat,07:30,16:30,07:31,16:48,1,1,00:01,,,,08:58,,True,True,PT. Waru Abadi,1,,,09:16,,,
15,8006096,,Ganang Musyaffa,,04/27/2016,Normal Pusat,07:30,16:30,07:29,16:50,1,1,,,,,09:00,,True,True,PT. Waru Abadi,1,,,09:20,,,
15,8006096,,Ganang Musyaffa,,04/28/2016,Normal Pusat,07:30,16:30,07:31,16:50,1,1,00:01,,,,08:58,,True,True,PT. Waru Abadi,1,,,09:18,,,
15,8006096,,Ganang Musyaffa,,04/29/2016,Normal Pusat,07:30,16:30,07:33,16:38,1,1,00:03,,,,08:56,,True,True,PT. Waru Abadi,1,,,09:05,,,
21,8007112,,Farid Faisal,,04/01/2016,Normal Pusat,07:30,16:30,,,1,,,,True,,,,True,True,PT. Waru Abadi,,,,,,,
21,8007112,,Farid Faisal,,04/04/2016,Normal Pusat,07:30,16:30,,,1,,,,True,,,,True,True,PT. Waru Abadi,,,,,,,
21,8007112,,Farid Faisal,,04/05/2016,Normal Pusat,07:30,16:30,07:11,,1,1,,01:00,,,08:00,,True,True,PT. Waru Abadi,1,,,09:18,,,
21,8007112,,Farid Faisal,,04/06/2016,Normal Pusat,07:30,16:30,07:09,17:12,1,1,,,,,09:00,,True,True,PT. Waru Abadi,1,,,10:03,,,
21,8007112,,Farid Faisal,,04/07/2016,Normal Pusat,07:30,16:30,07:18,16:54,1,1,,,,,09:00,,True,True,PT. Waru Abadi,1,,,09:36,,,
21,8007112,,Farid Faisal,,04/08/2016,Normal Pusat,07:30,16:30,07:24,17:51,1,1,,,,01:21,09:00,,True,True,PT. Waru Abadi,1,,,10:26,1.35,,
21,8007112,,Farid Faisal,,04/11/2016,Normal Pusat,07:30,16:30,07:03,17:31,1,1,,,,01:01,09:00,,True,True,PT. Waru Abadi,1,,,10:28,1.03,,
21,8007112,,Farid Faisal,,04/12/2016,Normal Pusat,07:30,16:30,07:22,19:35,1,1,,,,03:05,09:00,,True,True,PT. Waru Abadi,1,,,12:12,3.09,,
21,8007112,,Farid Faisal,,04/13/2016,Normal Pusat,07:30,16:30,07:16,18:06,1,1,,,,01:36,09:00,,True,True,PT. Waru Abadi,1,,,10:50,1.62,,
21,8007112,,Farid Faisal,,04/14/2016,Normal Pusat,07:30,16:30,07:24,18:01,1,1,,,,01:31,09:00,,True,True,PT. Waru Abadi,1,,,10:36,1.52,,
21,8007112,,Farid Faisal,,04/15/2016,Normal Pusat,07:30,16:30,07:21,18:44,1,1,,,,02:14,09:00,,True,True,PT. Waru Abadi,1,,,11:23,2.24,,
21,8007112,,Farid Faisal,,04/18/2016,Normal Pusat,07:30,16:30,07:21,18:03,1,1,,,,01:33,09:00,,True,True,PT. Waru Abadi,1,,,10:42,1.56,,
21,8007112,,Farid Faisal,,04/19/2016,Normal Pusat,07:30,16:30,07:12,17:18,1,1,,,,,09:00,,True,True,PT. Waru Abadi,1,,,10:05,,,
21,8007112,,Farid Faisal,,04/20/2016,Normal Pusat,07:30,16:30,07:28,,1,1,,01:00,,,08:00,,True,True,PT. Waru Abadi,1,,,09:01,,,
21,8007112,,Farid Faisal,,04/21/2016,Normal Pusat,07:30,16:30,07:24,16:43,1,1,,,,,09:00,,True,True,PT. Waru Abadi,1,,,09:18,,,
21,8007112,,Farid Faisal,,04/22/2016,Normal Pusat,07:30,16:30,07:09,16:50,1,1,,,,,09:00,,True,True,PT. Waru Abadi,1,,,09:41,,,
21,8007112,,Farid Faisal,,04/25/2016,Normal Pusat,07:30,16:30,07:07,17:15,1,1,,,,,09:00,,True,True,PT. Waru Abadi,1,,,10:07,,,
21,8007112,,Farid Faisal,,04/26/2016,Normal Pusat,07:30,16:30,07:18,17:02,1,1,,,,,09:00,,True,True,PT. Waru Abadi,1,,,09:44,,,
21,8007112,,Farid Faisal,,04/27/2016,Normal Pusat,07:30,16:30,07:20,19:49,1,1,,,,03:19,09:00,,True,True,PT. Waru Abadi,1,,,12:28,3.32,,
21,8007112,,Farid Faisal,,04/28/2016,Normal Pusat,07:30,16:30,,,1,,,,True,,,,True,True,PT. Waru Abadi,,,,,,,
21,8007112,,Farid Faisal,,04/29/2016,Normal Pusat,07:30,16:30,07:14,18:31,1,1,,,,02:01,09:00,,True,True,PT. Waru Abadi,1,,,11:16,2.02,,
25,8102073,,Fauzan Shohib,,04/01/2016,Normal Pusat,07:30,16:30,,,1,,,,True,,,,True,True,PT. Waru Abadi,,,,,,,
25,8102073,,Fauzan Shohib,,04/04/2016,Normal Pusat,07:30,16:30,,17:26,1,1,01:00,,,,08:00,,True,True,PT. Waru Abadi,1,,,09:56,,,
25,8102073,,Fauzan Shohib,,04/05/2016,Normal Pusat,07:30,16:30,07:31,17:27,1,1,00:01,,,,08:58,,True,True,PT. Waru Abadi,1,,,09:56,,,
25,8102073,,Fauzan Shohib,,04/06/2016,Normal Pusat,07:30,16:30,07:32,17:02,1,1,00:02,,,,08:57,,True,True,PT. Waru Abadi,1,,,09:30,,,
25,8102073,,Fauzan Shohib,,04/07/2016,Normal Pusat,07:30,16:30,07:30,17:38,1,1,,,,01:08,08:59,,True,True,PT. Waru Abadi,1,,,10:07,1.14,,
25,8102073,,Fauzan Shohib,,04/08/2016,Normal Pusat,07:30,16:30,07:03,17:59,1,1,,,,01:29,09:00,,True,True,PT. Waru Abadi,1,,,10:56,1.49,,
25,8102073,,Fauzan Shohib,,04/11/2016,Normal Pusat,07:30,16:30,07:30,19:32,1,1,,,,03:02,08:59,,True,True,PT. Waru Abadi,1,,,12:02,3.05,,
25,8102073,,Fauzan Shohib,,04/12/2016,Normal Pusat,07:30,16:30,07:29,,1,1,,01:00,,,08:00,,True,True,PT. Waru Abadi,1,,,09:00,,,
25,8102073,,Fauzan Shohib,,04/13/2016,Normal Pusat,07:30,16:30,07:33,17:23,1,1,00:03,,,,08:56,,True,True,PT. Waru Abadi,1,,,09:49,,,
25,8102073,,Fauzan Shohib,,04/14/2016,Normal Pusat,07:30,16:30,07:30,16:40,1,1,,,,,08:59,,True,True,PT. Waru Abadi,1,,,09:10,,,
25,8102073,,Fauzan Shohib,,04/15/2016,Normal Pusat,07:30,16:30,07:18,16:47,1,1,,,,,09:00,,True,True,PT. Waru Abadi,1,,,09:28,,,
25,8102073,,Fauzan Shohib,,04/18/2016,Normal Pusat,07:30,16:30,07:33,17:39,1,1,00:03,,,01:09,08:56,,True,True,PT. Waru Abadi,1,,,10:05,1.15,,
25,8102073,,Fauzan Shohib,,04/19/2016,Normal Pusat,07:30,16:30,09:59,16:49,1,0.5,02:29,,,,06:30,,True,True,PT. Waru Abadi,0.5,,,06:50,,,
25,8102073,,Fauzan Shohib,,04/20/2016,Normal Pusat,07:30,16:30,07:38,17:12,1,1,00:08,,,,08:51,,True,True,PT. Waru Abadi,1,,,09:33,,,
25,8102073,,Fauzan Shohib,,04/21/2016,Normal Pusat,07:30,16:30,,,1,,,,True,,,,True,True,PT. Waru Abadi,,,,,,,
25,8102073,,Fauzan Shohib,,04/22/2016,Normal Pusat,07:30,16:30,07:23,16:38,1,1,,,,,09:00,,True,True,PT. Waru Abadi,1,,,09:15,,,
25,8102073,,Fauzan Shohib,,04/25/2016,Normal Pusat,07:30,16:30,07:32,17:23,1,1,00:02,,,,08:57,,True,True,PT. Waru Abadi,1,,,09:50,,,
25,8102073,,Fauzan Shohib,,04/26/2016,Normal Pusat,07:30,16:30,07:32,17:12,1,1,00:02,,,,08:57,,True,True,PT. Waru Abadi,1,,,09:40,,,
25,8102073,,Fauzan Shohib,,04/27/2016,Normal Pusat,07:30,16:30,07:11,17:23,1,1,,,,,09:00,,True,True,PT. Waru Abadi,1,,,10:11,,,
25,8102073,,Fauzan Shohib,,04/28/2016,Normal Pusat,07:30,16:30,07:31,,1,1,00:01,01:00,,,07:58,,True,True,PT. Waru Abadi,1,,,08:57,,,
25,8102073,,Fauzan Shohib,,04/29/2016,Normal Pusat,07:30,16:30,07:34,17:40,1,1,00:04,,,01:10,08:55,,True,True,PT. Waru Abadi,1,,,10:05,1.17,,
7,8107110,,Fachruddin Lubis,,04/01/2016,Normal Pusat,07:30,16:30,,,1,,,,True,,,,True,True,PT. Waru Abadi,,,,,,,
7,8107110,,Fachruddin Lubis,,04/04/2016,Normal Pusat,07:30,16:30,,,1,,,,True,,,,True,True,PT. Waru Abadi,,,,,,,
7,8107110,,Fachruddin Lubis,,04/05/2016,Normal Pusat,07:30,16:30,,,1,,,,True,,,,True,True,PT. Waru Abadi,,,,,,,
7,8107110,,Fachruddin Lubis,,04/06/2016,Normal Pusat,07:30,16:30,,,1,,,,True,,,,True,True,PT. Waru Abadi,,,,,,,
7,8107110,,Fachruddin Lubis,,04/07/2016,Normal Pusat,07:30,16:30,07:35,19:56,1,1,00:05,,,03:26,08:54,,True,True,PT. Waru Abadi,1,,,12:21,3.45,,
7,8107110,,Fachruddin Lubis,,04/08/2016,Normal Pusat,07:30,16:30,08:03,20:35,1,1,00:33,,,04:05,08:26,,True,True,PT. Waru Abadi,1,,,12:31,4.08,,
7,8107110,,Fachruddin Lubis,,04/11/2016,Normal Pusat,07:30,16:30,,,1,,,,True,,,,True,True,PT. Waru Abadi,,,,,,,
7,8107110,,Fachruddin Lubis,,04/12/2016,Normal Pusat,07:30,16:30,07:58,17:30,1,1,00:28,,,01:00,08:31,,True,True,PT. Waru Abadi,1,,,09:31,1.01,,
7,8107110,,Fachruddin Lubis,,04/13/2016,Normal Pusat,07:30,16:30,07:59,19:20,1,1,00:29,,,02:50,08:30,,True,True,PT. Waru Abadi,1,,,11:20,2.84,,
7,8107110,,Fachruddin Lubis,,04/14/2016,Normal Pusat,07:30,16:30,08:00,21:09,1,1,00:30,,,04:39,08:29,,True,True,PT. Waru Abadi,1,,,13:08,4.66,,
7,8107110,,Fachruddin Lubis,,04/15/2016,Normal Pusat,07:30,16:30,,17:12,1,1,01:00,,,,08:00,,True,True,PT. Waru Abadi,1,,,09:42,,,
7,8107110,,Fachruddin Lubis,,04/18/2016,Normal Pusat,07:30,16:30,07:49,19:19,1,1,00:19,,,02:49,08:40,,True,True,PT. Waru Abadi,1,,,11:29,2.82,,
7,8107110,,Fachruddin Lubis,,04/19/2016,Normal Pusat,07:30,16:30,08:09,17:55,1,1,00:39,,,01:25,08:20,,True,True,PT. Waru Abadi,1,,,09:45,1.42,,
7,8107110,,Fachruddin Lubis,,04/20/2016,Normal Pusat,07:30,16:30,,20:23,1,1,01:00,,,03:53,08:00,,True,True,PT. Waru Abadi,1,,,12:53,3.89,,
7,8107110,,Fachruddin Lubis,,04/21/2016,Normal Pusat,07:30,16:30,08:11,,1,1,00:41,01:00,,,07:18,,True,True,PT. Waru Abadi,1,,,07:37,,,
7,8107110,,Fachruddin Lubis,,04/22/2016,Normal Pusat,07:30,16:30,08:07,19:41,1,1,00:37,,,03:11,08:22,,True,True,PT. Waru Abadi,1,,,11:34,3.19,,
7,8107110,,Fachruddin Lubis,,04/25/2016,Normal Pusat,07:30,16:30,08:07,,1,1,00:37,01:00,,,07:22,,True,True,PT. Waru Abadi,1,,,07:45,,,
7,8107110,,Fachruddin Lubis,,04/26/2016,Normal Pusat,07:30,16:30,08:01,,1,1,00:31,01:00,,,07:28,,True,True,PT. Waru Abadi,1,,,07:57,,,
7,8107110,,Fachruddin Lubis,,04/27/2016,Normal Pusat,07:30,16:30,08:06,,1,1,00:36,01:00,,,07:23,,True,True,PT. Waru Abadi,1,,,07:47,,,
7,8107110,,Fachruddin Lubis,,04/28/2016,Normal Pusat,07:30,16:30,07:37,18:30,1,1,00:07,,,02:00,08:52,,True,True,PT. Waru Abadi,1,,,10:53,2.01,,
7,8107110,,Fachruddin Lubis,,04/29/2016,Normal Pusat,07:30,16:30,06:28,,1,1,,01:00,,,08:00,,True,True,PT. Waru Abadi,1,,,10:01,,,
20,8202075,,Alhaku Ja'far Shoddieq,,04/01/2016,Normal Pusat,07:30,16:30,,,1,,,,True,,,,True,True,PT. Waru Abadi,,,,,,,
20,8202075,,Alhaku Ja'far Shoddieq,,04/04/2016,Normal Pusat,07:30,16:30,,21:13,1,1,01:00,,,04:43,08:00,,True,True,PT. Waru Abadi,1,,,13:43,4.73,,
20,8202075,,Alhaku Ja'far Shoddieq,,04/05/2016,Normal Pusat,07:30,16:30,07:29,21:10,1,1,,,,04:40,09:00,,True,True,PT. Waru Abadi,1,,,13:40,4.68,,
20,8202075,,Alhaku Ja'far Shoddieq,,04/06/2016,Normal Pusat,07:30,16:30,07:32,17:29,1,1,00:02,,,,08:57,,True,True,PT. Waru Abadi,1,,,09:57,,,
20,8202075,,Alhaku Ja'far Shoddieq,,04/07/2016,Normal Pusat,07:30,16:30,07:25,18:26,1,1,,,,01:56,09:00,,True,True,PT. Waru Abadi,1,,,11:01,1.95,,
20,8202075,,Alhaku Ja'far Shoddieq,,04/08/2016,Normal Pusat,07:30,16:30,07:26,17:43,1,1,,,,01:13,09:00,,True,True,PT. Waru Abadi,1,,,10:17,1.23,,
20,8202075,,Alhaku Ja'far Shoddieq,,04/11/2016,Normal Pusat,07:30,16:30,07:28,17:09,1,1,,,,,09:00,,True,True,PT. Waru Abadi,1,,,09:40,,,
20,8202075,,Alhaku Ja'far Shoddieq,,04/12/2016,Normal Pusat,07:30,16:30,07:26,16:45,1,1,,,,,09:00,,True,True,PT. Waru Abadi,1,,,09:18,,,
20,8202075,,Alhaku Ja'far Shoddieq,,04/13/2016,Normal Pusat,07:30,16:30,07:30,18:00,1,1,,,,01:30,08:59,,True,True,PT. Waru Abadi,1,,,10:29,1.51,,
20,8202075,,Alhaku Ja'far Shoddieq,,04/14/2016,Normal Pusat,07:30,16:30,07:19,17:07,1,1,,,,,09:00,,True,True,PT. Waru Abadi,1,,,09:48,,,
20,8202075,,Alhaku Ja'far Shoddieq,,04/15/2016,Normal Pusat,07:30,16:30,07:28,17:19,1,1,,,,,09:00,,True,True,PT. Waru Abadi,1,,,09:51,,,
20,8202075,,Alhaku Ja'far Shoddieq,,04/18/2016,Normal Pusat,07:30,16:30,07:30,17:29,1,1,,,,,08:59,,True,True,PT. Waru Abadi,1,,,09:59,,,
20,8202075,,Alhaku Ja'far Shoddieq,,04/19/2016,Normal Pusat,07:30,16:30,07:20,16:58,1,1,,,,,09:00,,True,True,PT. Waru Abadi,1,,,09:37,,,
20,8202075,,Alhaku Ja'far Shoddieq,,04/20/2016,Normal Pusat,07:30,16:30,07:22,17:12,1,1,,,,,09:00,,True,True,PT. Waru Abadi,1,,,09:49,,,
20,8202075,,Alhaku Ja'far Shoddieq,,04/21/2016,Normal Pusat,07:30,16:30,07:35,17:23,1,1,00:05,,,,08:54,,True,True,PT. Waru Abadi,1,,,09:48,,,
20,8202075,,Alhaku Ja'far Shoddieq,,04/22/2016,Normal Pusat,07:30,16:30,07:32,17:50,1,1,00:02,,,01:20,08:57,,True,True,PT. Waru Abadi,1,,,10:18,1.35,,
20,8202075,,Alhaku Ja'far Shoddieq,,04/25/2016,Normal Pusat,07:30,16:30,07:22,21:25,1,1,,,,04:55,09:00,,True,True,PT. Waru Abadi,1,,,14:03,4.93,,
20,8202075,,Alhaku Ja'far Shoddieq,,04/26/2016,Normal Pusat,07:30,16:30,07:34,18:02,1,1,00:04,,,01:32,08:55,,True,True,PT. Waru Abadi,1,,,10:27,1.54,,
20,8202075,,Alhaku Ja'far Shoddieq,,04/27/2016,Normal Pusat,07:30,16:30,07:21,16:38,1,1,,,,,09:00,,True,True,PT. Waru Abadi,1,,,09:17,,,
20,8202075,,Alhaku Ja'far Shoddieq,,04/28/2016,Normal Pusat,07:30,16:30,07:24,16:57,1,1,,,,,09:00,,True,True,PT. Waru Abadi,1,,,09:33,,,
20,8202075,,Alhaku Ja'far Shoddieq,,04/29/2016,Normal Pusat,07:30,16:30,07:17,21:01,1,1,,,,04:31,09:00,,True,True,PT. Waru Abadi,1,,,13:43,4.52,,
4,8411113,,Sunar Yudha,,04/01/2016,Normal Pusat,07:30,16:30,,,1,,,,True,,,,True,True,PT. Waru Abadi,,,,,,,
4,8411113,,Sunar Yudha,,04/04/2016,Normal Pusat,07:30,16:30,,16:07,1,1,01:00,00:23,,,07:37,,True,True,PT. Waru Abadi,1,,,08:14,,,
4,8411113,,Sunar Yudha,,04/05/2016,Normal Pusat,07:30,16:30,,,1,,,,True,,,,True,True,PT. Waru Abadi,,,,,,,
4,8411113,,Sunar Yudha,,04/06/2016,Normal Pusat,07:30,16:30,,,1,,,,True,,,,True,True,PT. Waru Abadi,,,,,,,
4,8411113,,Sunar Yudha,,04/07/2016,Normal Pusat,07:30,16:30,,,1,,,,True,,,,True,True,PT. Waru Abadi,,,,,,,
4,8411113,,Sunar Yudha,,04/08/2016,Normal Pusat,07:30,16:30,,,1,,,,True,,,,True,True,PT. Waru Abadi,,,,,,,
4,8411113,,Sunar Yudha,,04/11/2016,Normal Pusat,07:30,16:30,,,1,,,,True,,,,True,True,PT. Waru Abadi,,,,,,,
4,8411113,,Sunar Yudha,,04/12/2016,Normal Pusat,07:30,16:30,,,1,,,,True,,,,True,True,PT. Waru Abadi,,,,,,,
4,8411113,,Sunar Yudha,,04/13/2016,Normal Pusat,07:30,16:30,,,1,,,,True,,,,True,True,PT. Waru Abadi,,,,,,,
4,8411113,,Sunar Yudha,,04/14/2016,Normal Pusat,07:30,16:30,,,1,,,,True,,,,True,True,PT. Waru Abadi,,,,,,,
4,8411113,,Sunar Yudha,,04/15/2016,Normal Pusat,07:30,16:30,,,1,,,,True,,,,True,True,PT. Waru Abadi,,,,,,,
4,8411113,,Sunar Yudha,,04/18/2016,Normal Pusat,07:30,16:30,,,1,,,,True,,,,True,True,PT. Waru Abadi,,,,,,,
4,8411113,,Sunar Yudha,,04/19/2016,Normal Pusat,07:30,16:30,,,1,,,,True,,,,True,True,PT. Waru Abadi,,,,,,,
4,8411113,,Sunar Yudha,,04/20/2016,Normal Pusat,07:30,16:30,,,1,,,,True,,,,True,True,PT. Waru Abadi,,,,,,,
4,8411113,,Sunar Yudha,,04/21/2016,Normal Pusat,07:30,16:30,,,1,,,,True,,,,True,True,PT. Waru Abadi,,,,,,,
4,8411113,,Sunar Yudha,,04/22/2016,Normal Pusat,07:30,16:30,,,1,,,,True,,,,True,True,PT. Waru Abadi,,,,,,,
4,8411113,,Sunar Yudha,,04/25/2016,Normal Pusat,07:30,16:30,,,1,,,,True,,,,True,True,PT. Waru Abadi,,,,,,,
4,8411113,,Sunar Yudha,,04/26/2016,Normal Pusat,07:30,16:30,,,1,,,,True,,,,True,True,PT. Waru Abadi,,,,,,,
4,8411113,,Sunar Yudha,,04/27/2016,Normal Pusat,07:30,16:30,,,1,,,,True,,,,True,True,PT. Waru Abadi,,,,,,,
4,8411113,,Sunar Yudha,,04/28/2016,Normal Pusat,07:30,16:30,,,1,,,,True,,,,True,True,PT. Waru Abadi,,,,,,,
4,8411113,,Sunar Yudha,,04/29/2016,Normal Pusat,07:30,16:30,,,1,,,,True,,,,True,True,PT. Waru Abadi,,,,,,,
22,8511128,,Rejeki Ratnasari,,04/01/2016,Normal Pusat,07:30,16:30,,,1,,,,True,,,,True,True,PT. Waru Abadi,,,,,,,
22,8511128,,Rejeki Ratnasari,,04/04/2016,Normal Pusat,07:30,16:30,,17:54,1,1,01:00,,,01:24,08:00,,True,True,PT. Waru Abadi,1,,,10:24,1.41,,
22,8511128,,Rejeki Ratnasari,,04/05/2016,Normal Pusat,07:30,16:30,07:31,19:18,1,1,00:01,,,02:48,08:58,,True,True,PT. Waru Abadi,1,,,11:47,2.81,,
22,8511128,,Rejeki Ratnasari,,04/06/2016,Normal Pusat,07:30,16:30,07:24,17:46,1,1,,,,01:16,09:00,,True,True,PT. Waru Abadi,1,,,10:21,1.27,,
22,8511128,,Rejeki Ratnasari,,04/07/2016,Normal Pusat,07:30,16:30,07:24,18:43,1,1,,,,02:13,09:00,,True,True,PT. Waru Abadi,1,,,11:19,2.22,,
22,8511128,,Rejeki Ratnasari,,04/08/2016,Normal Pusat,07:30,16:30,07:24,17:11,1,1,,,,,09:00,,True,True,PT. Waru Abadi,1,,,09:46,,,
22,8511128,,Rejeki Ratnasari,,04/11/2016,Normal Pusat,07:30,16:30,07:28,16:49,1,1,,,,,09:00,,True,True,PT. Waru Abadi,1,,,09:20,,,
22,8511128,,Rejeki Ratnasari,,04/12/2016,Normal Pusat,07:30,16:30,07:28,16:50,1,1,,,,,09:00,,True,True,PT. Waru Abadi,1,,,09:22,,,
22,8511128,,Rejeki Ratnasari,,04/13/2016,Normal Pusat,07:30,16:30,07:26,16:53,1,1,,,,,09:00,,True,True,PT. Waru Abadi,1,,,09:27,,,
22,8511128,,Rejeki Ratnasari,,04/14/2016,Normal Pusat,07:30,16:30,07:27,17:03,1,1,,,,,09:00,,True,True,PT. Waru Abadi,1,,,09:35,,,
22,8511128,,Rejeki Ratnasari,,04/15/2016,Normal Pusat,07:30,16:30,07:27,17:23,1,1,,,,,09:00,,True,True,PT. Waru Abadi,1,,,09:55,,,
22,8511128,,Rejeki Ratnasari,,04/18/2016,Normal Pusat,07:30,16:30,07:19,17:04,1,1,,,,,09:00,,True,True,PT. Waru Abadi,1,,,09:45,,,
22,8511128,,Rejeki Ratnasari,,04/19/2016,Normal Pusat,07:30,16:30,07:29,16:56,1,1,,,,,09:00,,True,True,PT. Waru Abadi,1,,,09:27,,,
22,8511128,,Rejeki Ratnasari,,04/20/2016,Normal Pusat,07:30,16:30,07:26,17:11,1,1,,,,,09:00,,True,True,PT. Waru Abadi,1,,,09:44,,,
22,8511128,,Rejeki Ratnasari,,04/21/2016,Normal Pusat,07:30,16:30,07:33,16:37,1,1,00:03,,,,08:56,,True,True,PT. Waru Abadi,1,,,09:04,,,
22,8511128,,Rejeki Ratnasari,,04/22/2016,Normal Pusat,07:30,16:30,07:28,16:58,1,1,,,,,09:00,,True,True,PT. Waru Abadi,1,,,09:30,,,
22,8511128,,Rejeki Ratnasari,,04/25/2016,Normal Pusat,07:30,16:30,,,1,,,,True,,,,True,True,PT. Waru Abadi,,,,,,,
22,8511128,,Rejeki Ratnasari,,04/26/2016,Normal Pusat,07:30,16:30,07:24,16:46,1,1,,,,,09:00,,True,True,PT. Waru Abadi,1,,,09:21,,,
22,8511128,,Rejeki Ratnasari,,04/27/2016,Normal Pusat,07:30,16:30,07:29,17:03,1,1,,,,,09:00,,True,True,PT. Waru Abadi,1,,,09:33,,,
22,8511128,,Rejeki Ratnasari,,04/28/2016,Normal Pusat,07:30,16:30,07:29,17:09,1,1,,,,,09:00,,True,True,PT. Waru Abadi,1,,,09:40,,,
22,8511128,,Rejeki Ratnasari,,04/29/2016,Normal Pusat,07:30,16:30,07:26,17:01,1,1,,,,,09:00,,True,True,PT. Waru Abadi,1,,,09:35,,,
26,8601136,,Dian Riska Sari,,04/01/2016,Normal Pusat,07:30,16:30,,,1,,,,True,,,,True,True,PT. Waru Abadi,,,,,,,
26,8601136,,Dian Riska Sari,,04/04/2016,Normal Pusat,07:30,16:30,,17:28,1,1,01:00,,,,08:00,,True,True,PT. Waru Abadi,1,,,09:58,,,
26,8601136,,Dian Riska Sari,,04/05/2016,Normal Pusat,07:30,16:30,07:28,19:09,1,1,,,,02:39,09:00,,True,True,PT. Waru Abadi,1,,,11:41,2.65,,
26,8601136,,Dian Riska Sari,,04/06/2016,Normal Pusat,07:30,16:30,07:25,16:55,1,1,,,,,09:00,,True,True,PT. Waru Abadi,1,,,09:30,,,
26,8601136,,Dian Riska Sari,,04/07/2016,Normal Pusat,07:30,16:30,07:30,18:00,1,1,,,,01:30,08:59,,True,True,PT. Waru Abadi,1,,,10:30,1.5,,
26,8601136,,Dian Riska Sari,,04/08/2016,Normal Pusat,07:30,16:30,07:20,17:44,1,1,,,,01:14,09:00,,True,True,PT. Waru Abadi,1,,,10:24,1.24,,
26,8601136,,Dian Riska Sari,,04/11/2016,Normal Pusat,07:30,16:30,07:25,17:49,1,1,,,,01:19,09:00,,True,True,PT. Waru Abadi,1,,,10:24,1.33,,
26,8601136,,Dian Riska Sari,,04/12/2016,Normal Pusat,07:30,16:30,07:27,17:26,1,1,,,,,09:00,,True,True,PT. Waru Abadi,1,,,09:58,,,
26,8601136,,Dian Riska Sari,,04/13/2016,Normal Pusat,07:30,16:30,07:27,15:24,1,1,,01:06,,,07:54,,True,True,PT. Waru Abadi,1,,,07:56,,,
26,8601136,,Dian Riska Sari,,04/14/2016,Normal Pusat,07:30,16:30,07:25,16:51,1,1,,,,,09:00,,True,True,PT. Waru Abadi,1,,,09:25,,,
26,8601136,,Dian Riska Sari,,04/15/2016,Normal Pusat,07:30,16:30,07:23,17:54,1,1,,,,01:24,09:00,,True,True,PT. Waru Abadi,1,,,10:31,1.41,,
26,8601136,,Dian Riska Sari,,04/18/2016,Normal Pusat,07:30,16:30,07:28,17:30,1,1,,,,01:00,09:00,,True,True,PT. Waru Abadi,1,,,10:02,1.01,,
26,8601136,,Dian Riska Sari,,04/19/2016,Normal Pusat,07:30,16:30,,,1,,,,True,,,,True,True,PT. Waru Abadi,,,,,,,
26,8601136,,Dian Riska Sari,,04/20/2016,Normal Pusat,07:30,16:30,07:30,17:02,1,1,,,,,08:59,,True,True,PT. Waru Abadi,1,,,09:31,,,
26,8601136,,Dian Riska Sari,,04/21/2016,Normal Pusat,07:30,16:30,07:27,16:40,1,1,,,,,09:00,,True,True,PT. Waru Abadi,1,,,09:12,,,
26,8601136,,Dian Riska Sari,,04/22/2016,Normal Pusat,07:30,16:30,07:28,17:09,1,1,,,,,09:00,,True,True,PT. Waru Abadi,1,,,09:41,,,
26,8601136,,Dian Riska Sari,,04/25/2016,Normal Pusat,07:30,16:30,07:21,17:22,1,1,,,,,09:00,,True,True,PT. Waru Abadi,1,,,10:01,,,
26,8601136,,Dian Riska Sari,,04/26/2016,Normal Pusat,07:30,16:30,07:23,17:04,1,1,,,,,09:00,,True,True,PT. Waru Abadi,1,,,09:41,,,
26,8601136,,Dian Riska Sari,,04/27/2016,Normal Pusat,07:30,16:30,07:23,16:46,1,1,,,,,09:00,,True,True,PT. Waru Abadi,1,,,09:23,,,
26,8601136,,Dian Riska Sari,,04/28/2016,Normal Pusat,07:30,16:30,07:31,16:48,1,1,00:01,,,,08:58,,True,True,PT. Waru Abadi,1,,,09:17,,,
26,8601136,,Dian Riska Sari,,04/29/2016,Normal Pusat,07:30,16:30,07:28,19:11,1,1,,,,02:41,09:00,,True,True,PT. Waru Abadi,1,,,11:43,2.69,,
12,8711131,,Rizad Fahruri,,04/01/2016,Normal Pusat,07:30,16:30,,,1,,,,True,,,,True,True,PT. Waru Abadi,,,,,,,
12,8711131,,Rizad Fahruri,,04/04/2016,Normal Pusat,07:30,16:30,,,1,,,,True,,,,True,True,PT. Waru Abadi,,,,,,,
12,8711131,,Rizad Fahruri,,04/05/2016,Normal Pusat,07:30,16:30,,,1,,,,True,,,,True,True,PT. Waru Abadi,,,,,,,
12,8711131,,Rizad Fahruri,,04/06/2016,Normal Pusat,07:30,16:30,,,1,,,,True,,,,True,True,PT. Waru Abadi,,,,,,,
12,8711131,,Rizad Fahruri,,04/07/2016,Normal Pusat,07:30,16:30,07:20,16:41,1,1,,,,,09:00,,True,True,PT. Waru Abadi,1,,,09:21,,,
12,8711131,,Rizad Fahruri,,04/08/2016,Normal Pusat,07:30,16:30,,,1,,,,True,,,,True,True,PT. Waru Abadi,,,,,,,
12,8711131,,Rizad Fahruri,,04/11/2016,Normal Pusat,07:30,16:30,,,1,,,,True,,,,True,True,PT. Waru Abadi,,,,,,,
12,8711131,,Rizad Fahruri,,04/12/2016,Normal Pusat,07:30,16:30,,,1,,,,True,,,,True,True,PT. Waru Abadi,,,,,,,
12,8711131,,Rizad Fahruri,,04/13/2016,Normal Pusat,07:30,16:30,,,1,,,,True,,,,True,True,PT. Waru Abadi,,,,,,,
12,8711131,,Rizad Fahruri,,04/14/2016,Normal Pusat,07:30,16:30,,,1,,,,True,,,,True,True,PT. Waru Abadi,,,,,,,
12,8711131,,Rizad Fahruri,,04/15/2016,Normal Pusat,07:30,16:30,,,1,,,,True,,,,True,True,PT. Waru Abadi,,,,,,,
12,8711131,,Rizad Fahruri,,04/18/2016,Normal Pusat,07:30,16:30,07:21,17:04,1,1,,,,,09:00,,True,True,PT. Waru Abadi,1,,,09:43,,,
12,8711131,,Rizad Fahruri,,04/19/2016,Normal Pusat,07:30,16:30,07:18,17:14,1,1,,,,,09:00,,True,True,PT. Waru Abadi,1,,,09:56,,,
12,8711131,,Rizad Fahruri,,04/20/2016,Normal Pusat,07:30,16:30,07:09,17:10,1,1,,,,,09:00,,True,True,PT. Waru Abadi,1,,,10:00,,,
12,8711131,,Rizad Fahruri,,04/21/2016,Normal Pusat,07:30,16:30,07:29,17:01,1,1,,,,,09:00,,True,True,PT. Waru Abadi,1,,,09:32,,,
12,8711131,,Rizad Fahruri,,04/22/2016,Normal Pusat,07:30,16:30,07:23,17:56,1,1,,,,01:26,09:00,,True,True,PT. Waru Abadi,1,,,10:33,1.44,,
12,8711131,,Rizad Fahruri,,04/25/2016,Normal Pusat,07:30,16:30,,,1,,,,True,,,,True,True,PT. Waru Abadi,,,,,,,
12,8711131,,Rizad Fahruri,,04/26/2016,Normal Pusat,07:30,16:30,,,1,,,,True,,,,True,True,PT. Waru Abadi,,,,,,,
12,8711131,,Rizad Fahruri,,04/27/2016,Normal Pusat,07:30,16:30,,,1,,,,True,,,,True,True,PT. Waru Abadi,,,,,,,
12,8711131,,Rizad Fahruri,,04/28/2016,Normal Pusat,07:30,16:30,,,1,,,,True,,,,True,True,PT. Waru Abadi,,,,,,,
12,8711131,,Rizad Fahruri,,04/29/2016,Normal Pusat,07:30,16:30,,,1,,,,True,,,,True,True,PT. Waru Abadi,,,,,,,
5,9016152,,Aries Harnis,,04/01/2016,Normal Pusat,07:30,16:30,,,1,,,,True,,,,True,True,PT. Waru Abadi,,,,,,,
5,9016152,,Aries Harnis,,04/04/2016,Normal Pusat,07:30,16:30,,21:11,1,1,01:00,,,04:41,08:00,,True,True,PT. Waru Abadi,1,,,13:41,4.7,,
5,9016152,,Aries Harnis,,04/05/2016,Normal Pusat,07:30,16:30,06:55,20:18,1,1,,,,03:48,09:00,,True,True,PT. Waru Abadi,1,,,13:22,3.81,,
5,9016152,,Aries Harnis,,04/06/2016,Normal Pusat,07:30,16:30,07:10,16:34,1,1,,,,,09:00,,True,True,PT. Waru Abadi,1,,,09:23,,,
5,9016152,,Aries Harnis,,04/07/2016,Normal Pusat,07:30,16:30,06:51,18:04,1,1,,,,01:34,09:00,,True,True,PT. Waru Abadi,1,,,11:12,1.58,,
5,9016152,,Aries Harnis,,04/08/2016,Normal Pusat,07:30,16:30,06:58,16:58,1,1,,,,,09:00,,True,True,PT. Waru Abadi,1,,,10:00,,,
5,9016152,,Aries Harnis,,04/11/2016,Normal Pusat,07:30,16:30,07:15,17:21,1,1,,,,,09:00,,True,True,PT. Waru Abadi,1,,,10:06,,,
5,9016152,,Aries Harnis,,04/12/2016,Normal Pusat,07:30,16:30,07:12,17:35,1,1,,,,01:05,09:00,,True,True,PT. Waru Abadi,1,,,10:23,1.09,,
5,9016152,,Aries Harnis,,04/13/2016,Normal Pusat,07:30,16:30,07:12,17:15,1,1,,,,,09:00,,True,True,PT. Waru Abadi,1,,,10:03,,,
5,9016152,,Aries Harnis,,04/14/2016,Normal Pusat,07:30,16:30,07:01,16:54,1,1,,,,,09:00,,True,True,PT. Waru Abadi,1,,,09:53,,,
5,9016152,,Aries Harnis,,04/15/2016,Normal Pusat,07:30,16:30,06:58,16:35,1,1,,,,,09:00,,True,True,PT. Waru Abadi,1,,,09:37,,,
5,9016152,,Aries Harnis,,04/18/2016,Normal Pusat,07:30,16:30,07:03,17:16,1,1,,,,,09:00,,True,True,PT. Waru Abadi,1,,,10:13,,,
5,9016152,,Aries Harnis,,04/19/2016,Normal Pusat,07:30,16:30,06:55,17:35,1,1,,,,01:05,09:00,,True,True,PT. Waru Abadi,1,,,10:39,1.09,,
5,9016152,,Aries Harnis,,04/20/2016,Normal Pusat,07:30,16:30,07:04,17:11,1,1,,,,,09:00,,True,True,PT. Waru Abadi,1,,,10:06,,,
5,9016152,,Aries Harnis,,04/21/2016,Normal Pusat,07:30,16:30,06:56,,1,1,,01:00,,,08:00,,True,True,PT. Waru Abadi,1,,,09:33,,,
5,9016152,,Aries Harnis,,04/22/2016,Normal Pusat,07:30,16:30,07:00,,1,1,,01:00,,,08:00,,True,True,PT. Waru Abadi,1,,,09:29,,,
5,9016152,,Aries Harnis,,04/25/2016,Normal Pusat,07:30,16:30,07:09,17:05,1,1,,,,,09:00,,True,True,PT. Waru Abadi,1,,,09:56,,,
5,9016152,,Aries Harnis,,04/26/2016,Normal Pusat,07:30,16:30,06:59,17:20,1,1,,,,,09:00,,True,True,PT. Waru Abadi,1,,,10:20,,,
5,9016152,,Aries Harnis,,04/27/2016,Normal Pusat,07:30,16:30,07:02,17:34,1,1,,,,01:04,09:00,,True,True,PT. Waru Abadi,1,,,10:31,1.08,,
5,9016152,,Aries Harnis,,04/28/2016,Normal Pusat,07:30,16:30,06:52,17:20,1,1,,,,,09:00,,True,True,PT. Waru Abadi,1,,,10:28,,,
5,9016152,,Aries Harnis,,04/29/2016,Normal Pusat,07:30,16:30,07:06,,1,1,,01:00,,,08:00,,True,True,PT. Waru Abadi,1,,,09:23,,,
